// 自动生成，勿手改。重新生成: python gen_han_font.py
#ifndef HAN_FONT_H
#define HAN_FONT_H
#include <avr/pgmspace.h>

// ASCII 6x8, 0x20-0x7E, 每字符 8 字节(每字节一行, bit7=最左像素)
static const uint8_t ASCII_FONT[][8] PROGMEM = {
    { 0x00, 0x00, 0x00, 0x00, 0x00, 0x00, 0x00, 0x00 },  // ' ' (0x20)
    { 0x08, 0x08, 0x08, 0x00, 0x08, 0x00, 0x00, 0x00 },  // '!' (0x21)
    { 0x14, 0x00, 0x00, 0x00, 0x00, 0x00, 0x00, 0x00 },  // '"' (0x22)
    { 0x08, 0x3c, 0x08, 0x3c, 0x10, 0x00, 0x00, 0x00 },  // '#' (0x23)
    { 0x1c, 0x28, 0x18, 0x14, 0x3c, 0x10, 0x00, 0x00 },  // '$' (0x24)
    { 0x3c, 0x08, 0x10, 0x1e, 0x2e, 0x00, 0x00, 0x00 },  // '%' (0x25)
    { 0x28, 0x30, 0x34, 0x28, 0x3c, 0x00, 0x00, 0x00 },  // '&' (0x26)
    { 0x08, 0x00, 0x00, 0x00, 0x00, 0x00, 0x00, 0x00 },  // '\'' (0x27)
    { 0x08, 0x10, 0x10, 0x10, 0x10, 0x08, 0x04, 0x00 },  // '(' (0x28)
    { 0x08, 0x04, 0x04, 0x04, 0x04, 0x08, 0x10, 0x00 },  // ')' (0x29)
    { 0x08, 0x08, 0x00, 0x00, 0x00, 0x00, 0x00, 0x00 },  // '*' (0x2a)
    { 0x08, 0x08, 0x3e, 0x08, 0x08, 0x00, 0x00, 0x00 },  // '+' (0x2b)
    { 0x00, 0x00, 0x00, 0x00, 0x08, 0x18, 0x00, 0x00 },  // ',' (0x2c)
    { 0x00, 0x00, 0x18, 0x00, 0x00, 0x00, 0x00, 0x00 },  // '-' (0x2d)
    { 0x00, 0x00, 0x00, 0x00, 0x08, 0x00, 0x00, 0x00 },  // '.' (0x2e)
    { 0x08, 0x08, 0x10, 0x10, 0x20, 0x20, 0x00, 0x00 },  // '/' (0x2f)
    { 0x18, 0x2c, 0x3c, 0x34, 0x18, 0x00, 0x00, 0x00 },  // '0' (0x30)
    { 0x18, 0x08, 0x08, 0x08, 0x1c, 0x00, 0x00, 0x00 },  // '1' (0x31)
    { 0x1c, 0x14, 0x04, 0x08, 0x1c, 0x00, 0x00, 0x00 },  // '2' (0x32)
    { 0x1c, 0x04, 0x0c, 0x04, 0x1c, 0x00, 0x00, 0x00 },  // '3' (0x33)
    { 0x18, 0x18, 0x28, 0x3c, 0x08, 0x00, 0x00, 0x00 },  // '4' (0x34)
    { 0x1c, 0x10, 0x1c, 0x04, 0x18, 0x00, 0x00, 0x00 },  // '5' (0x35)
    { 0x1c, 0x20, 0x3c, 0x24, 0x18, 0x00, 0x00, 0x00 },  // '6' (0x36)
    { 0x38, 0x08, 0x10, 0x10, 0x20, 0x00, 0x00, 0x00 },  // '7' (0x37)
    { 0x3c, 0x24, 0x18, 0x24, 0x3c, 0x00, 0x00, 0x00 },  // '8' (0x38)
    { 0x18, 0x24, 0x3c, 0x04, 0x38, 0x00, 0x00, 0x00 },  // '9' (0x39)
    { 0x00, 0x08, 0x00, 0x00, 0x08, 0x00, 0x00, 0x00 },  // ':' (0x3a)
    { 0x00, 0x08, 0x00, 0x00, 0x08, 0x18, 0x00, 0x00 },  // ';' (0x3b)
    { 0x00, 0x04, 0x08, 0x18, 0x04, 0x00, 0x00, 0x00 },  // '<' (0x3c)
    { 0x00, 0x1c, 0x00, 0x1c, 0x00, 0x00, 0x00, 0x00 },  // '=' (0x3d)
    { 0x00, 0x10, 0x08, 0x0c, 0x10, 0x00, 0x00, 0x00 },  // '>' (0x3e)
    { 0x04, 0x04, 0x1c, 0x00, 0x10, 0x00, 0x00, 0x00 },  // '?' (0x3f)
    { 0x24, 0x1c, 0x1c, 0x1c, 0x14, 0x00, 0x38, 0x00 },  // '@' (0x40)
    { 0x08, 0x14, 0x14, 0x1c, 0x24, 0x00, 0x00, 0x00 },  // 'A' (0x41)
    { 0x1e, 0x12, 0x1c, 0x12, 0x1e, 0x00, 0x00, 0x00 },  // 'B' (0x42)
    { 0x18, 0x20, 0x20, 0x20, 0x18, 0x00, 0x00, 0x00 },  // 'C' (0x43)
    { 0x38, 0x24, 0x24, 0x24, 0x38, 0x00, 0x00, 0x00 },  // 'D' (0x44)
    { 0x1c, 0x10, 0x1c, 0x10, 0x1c, 0x00, 0x00, 0x00 },  // 'E' (0x45)
    { 0x1c, 0x10, 0x1c, 0x10, 0x10, 0x00, 0x00, 0x00 },  // 'F' (0x46)
    { 0x1c, 0x20, 0x2c, 0x24, 0x1c, 0x00, 0x00, 0x00 },  // 'G' (0x47)
    { 0x24, 0x24, 0x3c, 0x24, 0x24, 0x00, 0x00, 0x00 },  // 'H' (0x48)
    { 0x1c, 0x08, 0x08, 0x08, 0x1c, 0x00, 0x00, 0x00 },  // 'I' (0x49)
    { 0x1c, 0x04, 0x04, 0x04, 0x1c, 0x00, 0x00, 0x00 },  // 'J' (0x4a)
    { 0x14, 0x18, 0x18, 0x18, 0x14, 0x00, 0x00, 0x00 },  // 'K' (0x4b)
    { 0x10, 0x10, 0x10, 0x10, 0x1c, 0x00, 0x00, 0x00 },  // 'L' (0x4c)
    { 0x18, 0x18, 0x34, 0x24, 0x24, 0x00, 0x00, 0x00 },  // 'M' (0x4d)
    { 0x24, 0x34, 0x34, 0x2c, 0x24, 0x00, 0x00, 0x00 },  // 'N' (0x4e)
    { 0x18, 0x24, 0x24, 0x24, 0x18, 0x00, 0x00, 0x00 },  // 'O' (0x4f)
    { 0x1e, 0x12, 0x1c, 0x10, 0x10, 0x00, 0x00, 0x00 },  // 'P' (0x50)
    { 0x18, 0x24, 0x24, 0x24, 0x18, 0x0c, 0x00, 0x00 },  // 'Q' (0x51)
    { 0x1c, 0x14, 0x18, 0x14, 0x14, 0x00, 0x00, 0x00 },  // 'R' (0x52)
    { 0x1e, 0x10, 0x0c, 0x02, 0x1e, 0x00, 0x00, 0x00 },  // 'S' (0x53)
    { 0x3e, 0x08, 0x08, 0x08, 0x08, 0x00, 0x00, 0x00 },  // 'T' (0x54)
    { 0x24, 0x24, 0x24, 0x24, 0x38, 0x00, 0x00, 0x00 },  // 'U' (0x55)
    { 0x14, 0x14, 0x14, 0x14, 0x08, 0x00, 0x00, 0x00 },  // 'V' (0x56)
    { 0x24, 0x24, 0x34, 0x3c, 0x24, 0x00, 0x00, 0x00 },  // 'W' (0x57)
    { 0x24, 0x18, 0x10, 0x18, 0x24, 0x00, 0x00, 0x00 },  // 'X' (0x58)
    { 0x22, 0x14, 0x08, 0x08, 0x08, 0x00, 0x00, 0x00 },  // 'Y' (0x59)
    { 0x38, 0x08, 0x10, 0x20, 0x3c, 0x00, 0x00, 0x00 },  // 'Z' (0x5a)
    { 0x10, 0x10, 0x10, 0x10, 0x10, 0x10, 0x18, 0x00 },  // '[' (0x5b)
    { 0x10, 0x08, 0x08, 0x04, 0x04, 0x02, 0x00, 0x00 },  // '\\' (0x5c)
    { 0x08, 0x08, 0x08, 0x08, 0x08, 0x08, 0x18, 0x00 },  // ']' (0x5d)
    { 0x10, 0x28, 0x28, 0x00, 0x00, 0x00, 0x00, 0x00 },  // '^' (0x5e)
    { 0x00, 0x00, 0x00, 0x00, 0x00, 0x00, 0x3c, 0x00 },  // '_' (0x5f)
    { 0x00, 0x00, 0x00, 0x00, 0x00, 0x00, 0x00, 0x00 },  // '`' (0x60)
    { 0x00, 0x1e, 0x1e, 0x12, 0x1e, 0x00, 0x00, 0x00 },  // 'a' (0x61)
    { 0x10, 0x1e, 0x12, 0x12, 0x1c, 0x00, 0x00, 0x00 },  // 'b' (0x62)
    { 0x00, 0x0c, 0x10, 0x10, 0x1c, 0x00, 0x00, 0x00 },  // 'c' (0x63)
    { 0x04, 0x1c, 0x24, 0x24, 0x3c, 0x00, 0x00, 0x00 },  // 'd' (0x64)
    { 0x00, 0x1c, 0x3c, 0x20, 0x1c, 0x00, 0x00, 0x00 },  // 'e' (0x65)
    { 0x10, 0x38, 0x10, 0x10, 0x10, 0x00, 0x00, 0x00 },  // 'f' (0x66)
    { 0x00, 0x3c, 0x24, 0x3c, 0x3c, 0x24, 0x38, 0x00 },  // 'g' (0x67)
    { 0x10, 0x1c, 0x14, 0x14, 0x14, 0x00, 0x00, 0x00 },  // 'h' (0x68)
    { 0x00, 0x18, 0x08, 0x08, 0x1c, 0x00, 0x00, 0x00 },  // 'i' (0x69)
    { 0x00, 0x1c, 0x04, 0x04, 0x04, 0x04, 0x1c, 0x00 },  // 'j' (0x6a)
    { 0x10, 0x14, 0x18, 0x14, 0x12, 0x00, 0x00, 0x00 },  // 'k' (0x6b)
    { 0x08, 0x08, 0x08, 0x08, 0x1c, 0x00, 0x00, 0x00 },  // 'l' (0x6c)
    { 0x00, 0x3e, 0x2a, 0x2a, 0x2a, 0x00, 0x00, 0x00 },  // 'm' (0x6d)
    { 0x00, 0x1c, 0x14, 0x14, 0x14, 0x00, 0x00, 0x00 },  // 'n' (0x6e)
    { 0x00, 0x18, 0x24, 0x24, 0x18, 0x00, 0x00, 0x00 },  // 'o' (0x6f)
    { 0x00, 0x1c, 0x14, 0x14, 0x1c, 0x10, 0x10, 0x00 },  // 'p' (0x70)
    { 0x00, 0x1c, 0x24, 0x24, 0x3c, 0x04, 0x04, 0x00 },  // 'q' (0x71)
    { 0x00, 0x1e, 0x12, 0x10, 0x10, 0x00, 0x00, 0x00 },  // 'r' (0x72)
    { 0x00, 0x1c, 0x10, 0x0c, 0x1c, 0x00, 0x00, 0x00 },  // 's' (0x73)
    { 0x10, 0x3c, 0x10, 0x10, 0x1c, 0x00, 0x00, 0x00 },  // 't' (0x74)
    { 0x00, 0x14, 0x14, 0x14, 0x1c, 0x00, 0x00, 0x00 },  // 'u' (0x75)
    { 0x00, 0x14, 0x14, 0x14, 0x08, 0x00, 0x00, 0x00 },  // 'v' (0x76)
    { 0x00, 0x04, 0x18, 0x38, 0x28, 0x00, 0x00, 0x00 },  // 'w' (0x77)
    { 0x00, 0x24, 0x18, 0x18, 0x24, 0x00, 0x00, 0x00 },  // 'x' (0x78)
    { 0x00, 0x14, 0x14, 0x14, 0x08, 0x08, 0x30, 0x00 },  // 'y' (0x79)
    { 0x00, 0x1c, 0x08, 0x08, 0x1c, 0x00, 0x00, 0x00 },  // 'z' (0x7a)
    { 0x08, 0x08, 0x10, 0x08, 0x08, 0x08, 0x0c, 0x00 },  // '{' (0x7b)
    { 0x08, 0x08, 0x08, 0x08, 0x08, 0x08, 0x08, 0x00 },  // '|' (0x7c)
    { 0x08, 0x08, 0x04, 0x08, 0x08, 0x08, 0x18, 0x00 },  // '}' (0x7d)
    { 0x00, 0x00, 0x28, 0x18, 0x00, 0x00, 0x00, 0x00 },  // '~' (0x7e)
};

// 中文 16x16 (宋体), 每字符 32 字节 (16行x2字节, row-major, MSB-first)
typedef struct { const uint8_t utf8[3]; const uint8_t bmp[32]; } HanGlyph;
static const HanGlyph HAN_FONT[] PROGMEM = {
    { {0xe7, 0x81, 0xb5}, { 0x00, 0x00, 0x3f, 0xf8, 0x00, 0x08, 0x00, 0x08,
        0x1f, 0xf8, 0x00, 0x08, 0x00, 0x08, 0x3f, 0xf8,
        0x01, 0x00, 0x11, 0x10, 0x11, 0x10, 0x22, 0xa0,
        0x04, 0x40, 0x08, 0x20, 0x30, 0x18, 0xc0, 0x06 } },  // 灵
    { {0xe8, 0xb7, 0x83}, { 0x00, 0x08, 0x7c, 0x3c, 0x45, 0xe0, 0x44, 0x20,
        0x44, 0x20, 0x7c, 0x20, 0x13, 0xfe, 0x10, 0x20,
        0x5c, 0x20, 0x50, 0x50, 0x50, 0x50, 0x50, 0x50,
        0x5c, 0x88, 0xe0, 0x88, 0x01, 0x04, 0x02, 0x02 } },  // 跃
    { {0xe4, 0xbd, 0xa0}, { 0x08, 0x80, 0x08, 0x80, 0x08, 0x80, 0x11, 0xfe,
        0x11, 0x02, 0x32, 0x04, 0x34, 0x20, 0x50, 0x20,
        0x91, 0x28, 0x11, 0x24, 0x12, 0x24, 0x12, 0x22,
        0x14, 0x22, 0x10, 0x20, 0x10, 0xa0, 0x10, 0x40 } },  // 你
    { {0xe5, 0xa5, 0xbd}, { 0x10, 0x00, 0x10, 0xfc, 0x10, 0x04, 0x10, 0x08,
        0xfc, 0x10, 0x24, 0x20, 0x24, 0x20, 0x25, 0xfe,
        0x24, 0x20, 0x48, 0x20, 0x28, 0x20, 0x10, 0x20,
        0x28, 0x20, 0x44, 0x20, 0x84, 0xa0, 0x00, 0x40 } },  // 好
    { {0xe5, 0x97, 0xa8}, { 0x00, 0x80, 0x08, 0x80, 0xe4, 0xfe, 0xa1, 0x00,
        0xaa, 0xfc, 0xa4, 0x84, 0xa4, 0xa4, 0xa0, 0x94,
        0xa3, 0xfe, 0xa4, 0x84, 0xed, 0x24, 0xa5, 0x14,
        0x05, 0xfe, 0x04, 0x04, 0x04, 0x28, 0x00, 0x10 } },  // 嗨
    { {0xe6, 0xac, 0xa2}, { 0x00, 0x80, 0x00, 0x80, 0xfc, 0x80, 0x04, 0xfc,
        0x05, 0x04, 0x49, 0x08, 0x2a, 0x40, 0x14, 0x40,
        0x10, 0x40, 0x28, 0xa0, 0x24, 0xa0, 0x45, 0x10,
        0x81, 0x10, 0x02, 0x08, 0x04, 0x04, 0x08, 0x02 } },  // 欢
    { {0xe8, 0xbf, 0x8e}, { 0x00, 0x00, 0x20, 0x80, 0x13, 0x3c, 0x12, 0x24,
        0x02, 0x24, 0x02, 0x24, 0xf2, 0x24, 0x12, 0x24,
        0x12, 0x24, 0x12, 0xb4, 0x13, 0x28, 0x12, 0x20,
        0x10, 0x20, 0x28, 0x20, 0x47, 0xfe, 0x00, 0x00 } },  // 迎
    { {0xe5, 0x86, 0x8d}, { 0x00, 0x00, 0xff, 0xfe, 0x01, 0x00, 0x01, 0x00,
        0x3f, 0xf8, 0x21, 0x08, 0x21, 0x08, 0x3f, 0xf8,
        0x21, 0x08, 0x21, 0x08, 0xff, 0xfe, 0x20, 0x08,
        0x20, 0x08, 0x20, 0x08, 0x20, 0x28, 0x20, 0x10 } },  // 再
    { {0xe8, 0xa7, 0x81}, { 0x00, 0x00, 0x1f, 0xf0, 0x10, 0x10, 0x10, 0x10,
        0x11, 0x10, 0x11, 0x10, 0x11, 0x10, 0x11, 0x10,
        0x11, 0x10, 0x12, 0x90, 0x12, 0x90, 0x04, 0x80,
        0x04, 0x80, 0x08, 0x82, 0x30, 0x82, 0xc0, 0x7e } },  // 见
    { {0xe8, 0xb0, 0xa2}, { 0x01, 0x08, 0x42, 0x08, 0x27, 0x88, 0x24, 0x88,
        0x07, 0xbe, 0x04, 0x88, 0xe7, 0x88, 0x24, 0xc8,
        0x24, 0xa8, 0x2f, 0xa8, 0x21, 0x88, 0x2a, 0x88,
        0x34, 0x88, 0x28, 0x88, 0x02, 0xa8, 0x01, 0x10 } },  // 谢
    { {0xe6, 0x97, 0xa9}, { 0x00, 0x00, 0x1f, 0xf0, 0x10, 0x10, 0x10, 0x10,
        0x1f, 0xf0, 0x10, 0x10, 0x10, 0x10, 0x1f, 0xf0,
        0x01, 0x00, 0x01, 0x00, 0xff, 0xfe, 0x01, 0x00,
        0x01, 0x00, 0x01, 0x00, 0x01, 0x00, 0x01, 0x00 } },  // 早
    { {0xe5, 0xae, 0x89}, { 0x02, 0x00, 0x01, 0x00, 0x3f, 0xfc, 0x20, 0x04,
        0x42, 0x08, 0x02, 0x00, 0x02, 0x00, 0xff, 0xfe,
        0x04, 0x20, 0x08, 0x20, 0x18, 0x40, 0x06, 0x40,
        0x01, 0x80, 0x02, 0x60, 0x0c, 0x10, 0x70, 0x08 } },  // 安
    { {0xe6, 0x99, 0x9a}, { 0x00, 0x80, 0x00, 0x80, 0x79, 0xf8, 0x4a, 0x08,
        0x4c, 0x10, 0x4b, 0xfc, 0x4a, 0x44, 0x7a, 0x44,
        0x4a, 0x44, 0x4b, 0xfc, 0x48, 0xa0, 0x48, 0xa0,
        0x79, 0x22, 0x49, 0x22, 0x02, 0x1e, 0x04, 0x00 } },  // 晚
    { {0xe4, 0xb8, 0x8a}, { 0x02, 0x00, 0x02, 0x00, 0x02, 0x00, 0x02, 0x00,
        0x02, 0x00, 0x02, 0x00, 0x03, 0xf8, 0x02, 0x00,
        0x02, 0x00, 0x02, 0x00, 0x02, 0x00, 0x02, 0x00,
        0x02, 0x00, 0x02, 0x00, 0xff, 0xfe, 0x00, 0x00 } },  // 上
    { {0xe5, 0xbc, 0x80}, { 0x00, 0x00, 0x7f, 0xfc, 0x08, 0x20, 0x08, 0x20,
        0x08, 0x20, 0x08, 0x20, 0x08, 0x20, 0xff, 0xfe,
        0x08, 0x20, 0x08, 0x20, 0x08, 0x20, 0x08, 0x20,
        0x10, 0x20, 0x10, 0x20, 0x20, 0x20, 0x40, 0x20 } },  // 开
    { {0xe5, 0xbf, 0x83}, { 0x00, 0x00, 0x02, 0x00, 0x01, 0x00, 0x00, 0x80,
        0x00, 0x80, 0x04, 0x00, 0x04, 0x08, 0x24, 0x04,
        0x24, 0x04, 0x24, 0x02, 0x44, 0x02, 0x44, 0x12,
        0x84, 0x10, 0x04, 0x10, 0x03, 0xf0, 0x00, 0x00 } },  // 心
    { {0xe9, 0xab, 0x98}, { 0x02, 0x00, 0x01, 0x00, 0xff, 0xfe, 0x00, 0x00,
        0x0f, 0xe0, 0x08, 0x20, 0x08, 0x20, 0x0f, 0xe0,
        0x00, 0x00, 0x7f, 0xfc, 0x40, 0x04, 0x4f, 0xe4,
        0x48, 0x24, 0x48, 0x24, 0x4f, 0xe4, 0x40, 0x0c } },  // 高
    { {0xe5, 0x85, 0xb4}, { 0x04, 0x08, 0x02, 0x08, 0x21, 0x08, 0x11, 0x10,
        0x08, 0x10, 0x08, 0x20, 0x00, 0x40, 0xff, 0xfe,
        0x00, 0x00, 0x04, 0x40, 0x04, 0x20, 0x08, 0x10,
        0x08, 0x08, 0x10, 0x08, 0x20, 0x04, 0x40, 0x04 } },  // 兴
    { {0xe5, 0xbf, 0xab}, { 0x10, 0x40, 0x10, 0x40, 0x10, 0x40, 0x13, 0xf8,
        0x18, 0x48, 0x54, 0x48, 0x50, 0x48, 0x50, 0x48,
        0x97, 0xfe, 0x10, 0x40, 0x10, 0xa0, 0x10, 0xa0,
        0x11, 0x10, 0x11, 0x10, 0x12, 0x08, 0x14, 0x06 } },  // 快
    { {0xe4, 0xb9, 0x90}, { 0x00, 0x20, 0x00, 0xf0, 0x1f, 0x00, 0x10, 0x00,
        0x11, 0x00, 0x21, 0x00, 0x21, 0x00, 0x3f, 0xfc,
        0x01, 0x00, 0x09, 0x20, 0x09, 0x10, 0x11, 0x08,
        0x21, 0x04, 0x41, 0x04, 0x05, 0x00, 0x02, 0x00 } },  // 乐
    { {0xe9, 0x9a, 0xbe}, { 0x00, 0xa0, 0x00, 0x90, 0xfc, 0x80, 0x05, 0xfe,
        0x05, 0x10, 0x4b, 0x10, 0x2d, 0xfc, 0x29, 0x10,
        0x11, 0x10, 0x11, 0xfc, 0x29, 0x10, 0x25, 0x10,
        0x45, 0x10, 0x81, 0xfe, 0x01, 0x00, 0x01, 0x00 } },  // 难
    { {0xe8, 0xbf, 0x87}, { 0x00, 0x10, 0x20, 0x10, 0x10, 0x10, 0x17, 0xfe,
        0x00, 0x10, 0x00, 0x10, 0xf2, 0x10, 0x11, 0x10,
        0x11, 0x10, 0x10, 0x10, 0x10, 0x10, 0x10, 0x50,
        0x10, 0x20, 0x28, 0x00, 0x47, 0xfe, 0x00, 0x00 } },  // 过
    { {0xe7, 0x94, 0x9f}, { 0x01, 0x00, 0x11, 0x00, 0x11, 0x00, 0x11, 0x00,
        0x3f, 0xfc, 0x21, 0x00, 0x41, 0x00, 0x81, 0x00,
        0x01, 0x00, 0x3f, 0xf8, 0x01, 0x00, 0x01, 0x00,
        0x01, 0x00, 0x01, 0x00, 0xff, 0xfe, 0x00, 0x00 } },  // 生
    { {0xe6, 0xb0, 0x94}, { 0x10, 0x00, 0x10, 0x00, 0x3f, 0xfc, 0x20, 0x00,
        0x4f, 0xf0, 0x80, 0x00, 0x3f, 0xf0, 0x00, 0x10,
        0x00, 0x10, 0x00, 0x10, 0x00, 0x10, 0x00, 0x10,
        0x00, 0x0a, 0x00, 0x0a, 0x00, 0x06, 0x00, 0x02 } },  // 气
    { {0xe6, 0x84, 0xa4}, { 0x10, 0x20, 0x11, 0xfc, 0x10, 0x20, 0x10, 0x88,
        0x1b, 0xfe, 0x54, 0x88, 0x50, 0x00, 0x51, 0xfc,
        0x91, 0x04, 0x11, 0x24, 0x11, 0x24, 0x11, 0x24,
        0x11, 0x24, 0x10, 0x50, 0x10, 0x88, 0x13, 0x04 } },  // 愤
    { {0xe6, 0x80, 0x92}, { 0x10, 0x00, 0x10, 0x00, 0xfe, 0xfc, 0x22, 0x84,
        0x44, 0x88, 0x28, 0x50, 0x10, 0x20, 0x28, 0x58,
        0xc5, 0x86, 0x00, 0x00, 0x01, 0x00, 0x08, 0x84,
        0x48, 0x92, 0x48, 0x12, 0x87, 0xf0, 0x00, 0x00 } },  // 怒
    { {0xe6, 0x83, 0x8a}, { 0x10, 0x40, 0x10, 0x20, 0x13, 0xfe, 0x10, 0x00,
        0x18, 0x00, 0x55, 0xfc, 0x51, 0x04, 0x51, 0x04,
        0x91, 0xfc, 0x10, 0x20, 0x11, 0x28, 0x11, 0x24,
        0x12, 0x22, 0x14, 0x22, 0x10, 0xa0, 0x10, 0x40 } },  // 惊
    { {0xe8, 0xae, 0xb6}, { 0x00, 0x00, 0x23, 0xfc, 0x10, 0x10, 0x11, 0x10,
        0x01, 0x10, 0x01, 0x10, 0xf2, 0x10, 0x13, 0xfe,
        0x10, 0x30, 0x10, 0x50, 0x10, 0x90, 0x15, 0x10,
        0x1a, 0x10, 0x14, 0x10, 0x00, 0x50, 0x00, 0x20 } },  // 讶
    { {0xe5, 0xae, 0xb3}, { 0x02, 0x00, 0x01, 0x00, 0x7f, 0xfe, 0x40, 0x02,
        0x81, 0x04, 0x3f, 0xf8, 0x01, 0x00, 0x1f, 0xf0,
        0x01, 0x00, 0xff, 0xfe, 0x01, 0x00, 0x1f, 0xf0,
        0x10, 0x10, 0x10, 0x10, 0x1f, 0xf0, 0x10, 0x10 } },  // 害
    { {0xe6, 0x80, 0x95}, { 0x10, 0x20, 0x10, 0x20, 0x10, 0x40, 0x11, 0xfc,
        0x19, 0x04, 0x55, 0x04, 0x51, 0x04, 0x51, 0x04,
        0x91, 0xfc, 0x11, 0x04, 0x11, 0x04, 0x11, 0x04,
        0x11, 0x04, 0x11, 0x04, 0x11, 0xfc, 0x11, 0x04 } },  // 怕
    { {0xe6, 0x97, 0xa0}, { 0x00, 0x00, 0x3f, 0xf0, 0x02, 0x00, 0x02, 0x00,
        0x02, 0x00, 0x02, 0x00, 0x7f, 0xfc, 0x04, 0x80,
        0x04, 0x80, 0x04, 0x80, 0x08, 0x80, 0x08, 0x80,
        0x10, 0x84, 0x20, 0x84, 0x40, 0x7c, 0x80, 0x00 } },  // 无
    { {0xe8, 0x81, 0x8a}, { 0x00, 0x00, 0xfc, 0x80, 0x4b, 0x1e, 0x4a, 0x52,
        0x7a, 0x52, 0x4a, 0x52, 0x4a, 0x52, 0x7a, 0x52,
        0x4a, 0x52, 0x4a, 0xd2, 0x4f, 0x5a, 0x7a, 0x54,
        0xc8, 0x90, 0x08, 0x90, 0x09, 0x10, 0x0a, 0x10 } },  // 聊
    { {0xe4, 0xbc, 0xa4}, { 0x08, 0x80, 0x08, 0x80, 0x09, 0x00, 0x11, 0xfe,
        0x12, 0x00, 0x34, 0x40, 0x30, 0x40, 0x53, 0xfc,
        0x90, 0x44, 0x10, 0x44, 0x10, 0x84, 0x10, 0x84,
        0x11, 0x04, 0x11, 0x04, 0x12, 0x28, 0x14, 0x10 } },  // 伤
    { {0xe5, 0xa5, 0x8b}, { 0x01, 0x00, 0x01, 0x00, 0x7f, 0xfc, 0x02, 0x80,
        0x04, 0x40, 0x08, 0x20, 0x30, 0x18, 0xc0, 0x06,
        0x1f, 0xf0, 0x11, 0x10, 0x11, 0x10, 0x1f, 0xf0,
        0x11, 0x10, 0x11, 0x10, 0x1f, 0xf0, 0x10, 0x10 } },  // 奋
    { {0xe9, 0x85, 0xb7}, { 0x00, 0x10, 0xfe, 0x50, 0x28, 0x50, 0x28, 0x7c,
        0xfe, 0x50, 0xaa, 0x90, 0xaa, 0x10, 0xaa, 0xfe,
        0xae, 0x00, 0xc2, 0x00, 0x82, 0x7c, 0xfe, 0x44,
        0x82, 0x44, 0x82, 0x44, 0xfe, 0x7c, 0x82, 0x44 } },  // 酷
    { {0xe5, 0xb8, 0x85}, { 0x08, 0x20, 0x08, 0x20, 0x48, 0x20, 0x48, 0x20,
        0x49, 0xfc, 0x49, 0x24, 0x49, 0x24, 0x49, 0x24,
        0x49, 0x24, 0x49, 0x24, 0x49, 0x24, 0x09, 0x34,
        0x11, 0x28, 0x10, 0x20, 0x20, 0x20, 0x40, 0x20 } },  // 帅
    { {0xe6, 0xa3, 0x92}, { 0x10, 0x20, 0x10, 0x20, 0x13, 0xfe, 0x10, 0x20,
        0xfd, 0xfc, 0x10, 0x40, 0x33, 0xfe, 0x38, 0x88,
        0x55, 0x24, 0x52, 0x22, 0x90, 0xf8, 0x10, 0x20,
        0x13, 0xfe, 0x10, 0x20, 0x10, 0x20, 0x10, 0x20 } },  // 棒
    { {0xe5, 0x8e, 0x89}, { 0x00, 0x00, 0x3f, 0xfe, 0x20, 0x00, 0x20, 0x00,
        0x2f, 0xfe, 0x21, 0x00, 0x21, 0x00, 0x21, 0xf8,
        0x21, 0x08, 0x21, 0x08, 0x21, 0x08, 0x22, 0x08,
        0x22, 0x08, 0x44, 0x08, 0x48, 0x50, 0x90, 0x20 } },  // 厉
    { {0xe5, 0xa4, 0xaa}, { 0x01, 0x00, 0x01, 0x00, 0x01, 0x00, 0x01, 0x00,
        0x01, 0x00, 0xff, 0xfe, 0x01, 0x00, 0x01, 0x00,
        0x02, 0x80, 0x02, 0x80, 0x04, 0x40, 0x04, 0x40,
        0x0a, 0x20, 0x11, 0x10, 0x21, 0x08, 0xc0, 0x06 } },  // 太
    { {0xe4, 0xba, 0x86}, { 0x00, 0x00, 0x7f, 0xf8, 0x00, 0x10, 0x00, 0x20,
        0x00, 0x40, 0x01, 0x80, 0x01, 0x00, 0x01, 0x00,
        0x01, 0x00, 0x01, 0x00, 0x01, 0x00, 0x01, 0x00,
        0x01, 0x00, 0x01, 0x00, 0x05, 0x00, 0x02, 0x00 } },  // 了
    { {0xe5, 0x8a, 0xa0}, { 0x10, 0x00, 0x10, 0x00, 0x10, 0x00, 0x10, 0x7c,
        0xfe, 0x44, 0x12, 0x44, 0x12, 0x44, 0x12, 0x44,
        0x12, 0x44, 0x12, 0x44, 0x12, 0x44, 0x12, 0x44,
        0x22, 0x44, 0x22, 0x7c, 0x4a, 0x44, 0x84, 0x00 } },  // 加
    { {0xe6, 0xb2, 0xb9}, { 0x00, 0x40, 0x20, 0x40, 0x10, 0x40, 0x10, 0x40,
        0x87, 0xfc, 0x44, 0x44, 0x44, 0x44, 0x14, 0x44,
        0x14, 0x44, 0x27, 0xfc, 0xe4, 0x44, 0x24, 0x44,
        0x24, 0x44, 0x24, 0x44, 0x27, 0xfc, 0x04, 0x04 } },  // 油
    { {0xe7, 0x88, 0xb1}, { 0x00, 0x08, 0x01, 0xfc, 0x7e, 0x10, 0x22, 0x10,
        0x11, 0x20, 0x7f, 0xfe, 0x42, 0x02, 0x82, 0x04,
        0x7f, 0xf8, 0x04, 0x00, 0x07, 0xf0, 0x0a, 0x10,
        0x11, 0x20, 0x20, 0xc0, 0x43, 0x30, 0x1c, 0x0e } },  // 爱
    { {0xe5, 0x96, 0x9c}, { 0x01, 0x00, 0x7f, 0xfc, 0x01, 0x00, 0x3f, 0xf8,
        0x00, 0x00, 0x3f, 0xf8, 0x20, 0x08, 0x3f, 0xf8,
        0x08, 0x20, 0xff, 0xfe, 0x00, 0x00, 0x3f, 0xf8,
        0x20, 0x08, 0x20, 0x08, 0x3f, 0xf8, 0x20, 0x08 } },  // 喜
    { {0xe5, 0x89, 0x8d}, { 0x10, 0x10, 0x08, 0x10, 0x08, 0x20, 0xff, 0xfe,
        0x00, 0x00, 0x3e, 0x08, 0x22, 0x48, 0x22, 0x48,
        0x3e, 0x48, 0x22, 0x48, 0x22, 0x48, 0x3e, 0x48,
        0x22, 0x08, 0x22, 0x08, 0x2a, 0x28, 0x24, 0x10 } },  // 前
    { {0xe8, 0xbf, 0x9b}, { 0x00, 0x90, 0x20, 0x90, 0x10, 0x90, 0x13, 0xfc,
        0x00, 0x90, 0x00, 0x90, 0xf0, 0x90, 0x17, 0xfe,
        0x10, 0x90, 0x10, 0x90, 0x11, 0x10, 0x11, 0x10,
        0x12, 0x10, 0x28, 0x00, 0x47, 0xfe, 0x00, 0x00 } },  // 进
    { {0xe5, 0x90, 0x8e}, { 0x00, 0x10, 0x00, 0xf8, 0x1f, 0x00, 0x10, 0x00,
        0x10, 0x00, 0x1f, 0xfe, 0x10, 0x00, 0x10, 0x00,
        0x10, 0x00, 0x17, 0xf8, 0x14, 0x08, 0x24, 0x08,
        0x24, 0x08, 0x44, 0x08, 0x87, 0xf8, 0x04, 0x08 } },  // 后
    { {0xe9, 0x80, 0x80}, { 0x03, 0xf8, 0x22, 0x08, 0x12, 0x08, 0x13, 0xf8,
        0x02, 0x08, 0x02, 0x08, 0xf3, 0xf8, 0x12, 0x44,
        0x12, 0x28, 0x12, 0x10, 0x12, 0x88, 0x13, 0x04,
        0x12, 0x04, 0x28, 0x00, 0x47, 0xfe, 0x00, 0x00 } },  // 退
    { {0xe5, 0xb7, 0xa6}, { 0x02, 0x00, 0x02, 0x00, 0x02, 0x00, 0xff, 0xfe,
        0x04, 0x00, 0x04, 0x00, 0x04, 0x00, 0x08, 0x00,
        0x0f, 0xf8, 0x10, 0x80, 0x10, 0x80, 0x20, 0x80,
        0x40, 0x80, 0x80, 0x80, 0x3f, 0xfe, 0x00, 0x00 } },  // 左
    { {0xe5, 0x8f, 0xb3}, { 0x02, 0x00, 0x02, 0x00, 0x02, 0x00, 0xff, 0xfe,
        0x04, 0x00, 0x04, 0x00, 0x08, 0x00, 0x08, 0x00,
        0x1f, 0xf8, 0x28, 0x08, 0x48, 0x08, 0x88, 0x08,
        0x08, 0x08, 0x08, 0x08, 0x0f, 0xf8, 0x08, 0x08 } },  // 右
    { {0xe8, 0xbd, 0xac}, { 0x20, 0x20, 0x20, 0x20, 0x20, 0x20, 0xfd, 0xfc,
        0x40, 0x20, 0x50, 0x40, 0x93, 0xfe, 0xfc, 0x40,
        0x10, 0x80, 0x11, 0xfc, 0x1c, 0x04, 0xf0, 0x88,
        0x50, 0x50, 0x10, 0x20, 0x10, 0x10, 0x10, 0x10 } },  // 转
    { {0xe5, 0x81, 0x9c}, { 0x10, 0x80, 0x10, 0x40, 0x17, 0xfc, 0x20, 0x00,
        0x23, 0xf8, 0x62, 0x08, 0x63, 0xf8, 0xa0, 0x00,
        0x2f, 0xfe, 0x28, 0x02, 0x23, 0xf8, 0x20, 0x40,
        0x20, 0x40, 0x20, 0x40, 0x21, 0x40, 0x20, 0x80 } },  // 停
    { {0xe6, 0xad, 0xa2}, { 0x01, 0x00, 0x01, 0x00, 0x01, 0x00, 0x01, 0x00,
        0x11, 0x00, 0x11, 0x00, 0x11, 0xf8, 0x11, 0x00,
        0x11, 0x00, 0x11, 0x00, 0x11, 0x00, 0x11, 0x00,
        0x11, 0x00, 0x11, 0x00, 0xff, 0xfe, 0x00, 0x00 } },  // 止
    { {0xe8, 0xb5, 0xb0}, { 0x01, 0x00, 0x01, 0x00, 0x01, 0x00, 0x3f, 0xf8,
        0x01, 0x00, 0x01, 0x00, 0xff, 0xfe, 0x01, 0x00,
        0x01, 0x00, 0x11, 0x00, 0x11, 0xf8, 0x11, 0x00,
        0x11, 0x00, 0x29, 0x00, 0x47, 0xfe, 0x80, 0x00 } },  // 走
    { {0xe8, 0xb7, 0xb3}, { 0x00, 0x50, 0x7c, 0x50, 0x44, 0x50, 0x45, 0x52,
        0x44, 0xd4, 0x7c, 0x58, 0x10, 0x50, 0x10, 0x58,
        0x10, 0xd4, 0x5d, 0x52, 0x50, 0x50, 0x50, 0x50,
        0x50, 0x92, 0x5c, 0x92, 0xe1, 0x12, 0x02, 0x0e } },  // 跳
    { {0xe8, 0xb7, 0x91}, { 0x00, 0x80, 0x7c, 0x80, 0x45, 0xfc, 0x45, 0x04,
        0x46, 0x04, 0x7d, 0xf4, 0x11, 0x14, 0x11, 0x14,
        0x5d, 0x14, 0x51, 0xf4, 0x51, 0x04, 0x51, 0x28,
        0x5d, 0x12, 0xe1, 0x02, 0x00, 0xfe, 0x00, 0x00 } },  // 跑
    { {0xe4, 0xb8, 0xad}, { 0x01, 0x00, 0x01, 0x00, 0x01, 0x00, 0x01, 0x00,
        0x3f, 0xf8, 0x21, 0x08, 0x21, 0x08, 0x21, 0x08,
        0x21, 0x08, 0x21, 0x08, 0x3f, 0xf8, 0x21, 0x08,
        0x01, 0x00, 0x01, 0x00, 0x01, 0x00, 0x01, 0x00 } },  // 中
    { {0xe6, 0x88, 0x91}, { 0x04, 0x40, 0x0e, 0x50, 0x78, 0x48, 0x08, 0x48,
        0x08, 0x40, 0xff, 0xfe, 0x08, 0x40, 0x08, 0x44,
        0x0a, 0x44, 0x0c, 0x48, 0x18, 0x30, 0x68, 0x22,
        0x08, 0x52, 0x08, 0x8a, 0x2b, 0x06, 0x10, 0x02 } },  // 我
    { {0xe4, 0xbb, 0x96}, { 0x08, 0x40, 0x08, 0x40, 0x0a, 0x40, 0x12, 0x58,
        0x12, 0x68, 0x32, 0xc8, 0x33, 0x48, 0x5e, 0x48,
        0x92, 0x48, 0x12, 0x48, 0x12, 0x58, 0x12, 0x42,
        0x12, 0x02, 0x12, 0x02, 0x11, 0xfe, 0x10, 0x00 } },  // 他
    { {0xe5, 0xa5, 0xb9}, { 0x10, 0x20, 0x10, 0x20, 0x10, 0x20, 0x11, 0x20,
        0xfd, 0x2c, 0x25, 0x34, 0x25, 0x64, 0x27, 0xa4,
        0x25, 0x24, 0x49, 0x34, 0x29, 0x28, 0x11, 0x22,
        0x29, 0x22, 0x45, 0x02, 0x84, 0xfe, 0x00, 0x00 } },  // 她
    { {0xe5, 0xae, 0x83}, { 0x02, 0x00, 0x01, 0x00, 0x7f, 0xfe, 0x40, 0x02,
        0x80, 0x04, 0x08, 0x00, 0x08, 0x08, 0x08, 0x30,
        0x09, 0xc0, 0x0e, 0x00, 0x08, 0x00, 0x08, 0x04,
        0x08, 0x04, 0x08, 0x04, 0x07, 0xfc, 0x00, 0x00 } },  // 它
    { {0xe7, 0x9a, 0x84}, { 0x10, 0x40, 0x10, 0x40, 0x20, 0x40, 0x7e, 0x7c,
        0x42, 0x84, 0x42, 0x84, 0x43, 0x04, 0x42, 0x44,
        0x7e, 0x24, 0x42, 0x24, 0x42, 0x04, 0x42, 0x04,
        0x42, 0x04, 0x7e, 0x04, 0x42, 0x28, 0x00, 0x10 } },  // 的
    { {0xe5, 0x90, 0x97}, { 0x00, 0x00, 0x03, 0xf0, 0x78, 0x10, 0x48, 0x10,
        0x49, 0x10, 0x49, 0x10, 0x49, 0x10, 0x49, 0xfc,
        0x48, 0x04, 0x48, 0x04, 0x78, 0x04, 0x4b, 0xf4,
        0x00, 0x04, 0x00, 0x04, 0x00, 0x28, 0x00, 0x10 } },  // 吗
    { {0xe4, 0xbb, 0x80}, { 0x08, 0x20, 0x08, 0x20, 0x08, 0x20, 0x10, 0x20,
        0x10, 0x20, 0x30, 0x20, 0x37, 0xfe, 0x50, 0x20,
        0x90, 0x20, 0x10, 0x20, 0x10, 0x20, 0x10, 0x20,
        0x10, 0x20, 0x10, 0x20, 0x10, 0x20, 0x10, 0x20 } },  // 什
    { {0xe4, 0xb9, 0x88}, { 0x01, 0x00, 0x01, 0x00, 0x02, 0x00, 0x02, 0x00,
        0x04, 0x40, 0x08, 0x40, 0x10, 0x80, 0x20, 0x80,
        0x41, 0x00, 0x02, 0x00, 0x04, 0x20, 0x08, 0x10,
        0x10, 0x08, 0x3f, 0xfc, 0x10, 0x04, 0x00, 0x00 } },  // 么
    { {0xe5, 0xbe, 0x88}, { 0x08, 0x00, 0x0b, 0xf8, 0x12, 0x08, 0x22, 0x08,
        0x4b, 0xf8, 0x0a, 0x08, 0x12, 0x08, 0x33, 0xf8,
        0x52, 0x44, 0x92, 0x48, 0x12, 0x30, 0x12, 0x20,
        0x12, 0x10, 0x12, 0x88, 0x13, 0x06, 0x12, 0x00 } },  // 很
    { {0xe5, 0x9c, 0xa8}, { 0x02, 0x00, 0x02, 0x00, 0x04, 0x00, 0xff, 0xfe,
        0x08, 0x00, 0x08, 0x40, 0x10, 0x40, 0x30, 0x40,
        0x57, 0xfc, 0x90, 0x40, 0x10, 0x40, 0x10, 0x40,
        0x10, 0x40, 0x10, 0x40, 0x1f, 0xfe, 0x10, 0x00 } },  // 在
    { {0xe8, 0xaf, 0xb7}, { 0x00, 0x40, 0x40, 0x40, 0x27, 0xfc, 0x20, 0x40,
        0x03, 0xf8, 0x00, 0x40, 0xe7, 0xfe, 0x20, 0x00,
        0x23, 0xf8, 0x22, 0x08, 0x23, 0xf8, 0x22, 0x08,
        0x2b, 0xf8, 0x32, 0x08, 0x22, 0x28, 0x02, 0x10 } },  // 请
    { {0xe9, 0x97, 0xae}, { 0x20, 0x00, 0x17, 0xfc, 0x00, 0x04, 0x40, 0x04,
        0x40, 0x04, 0x47, 0xc4, 0x44, 0x44, 0x44, 0x44,
        0x44, 0x44, 0x44, 0x44, 0x44, 0x44, 0x47, 0xc4,
        0x44, 0x44, 0x40, 0x04, 0x40, 0x14, 0x40, 0x08 } },  // 问
    { {0xe4, 0xb8, 0x8d}, { 0x00, 0x00, 0x7f, 0xfc, 0x00, 0x80, 0x00, 0x80,
        0x01, 0x00, 0x01, 0x00, 0x03, 0x40, 0x05, 0x20,
        0x09, 0x10, 0x11, 0x08, 0x21, 0x04, 0x41, 0x04,
        0x81, 0x00, 0x01, 0x00, 0x01, 0x00, 0x01, 0x00 } },  // 不
    { {0xe4, 0xbc, 0x9a}, { 0x01, 0x00, 0x01, 0x00, 0x02, 0x80, 0x04, 0x40,
        0x08, 0x20, 0x30, 0x18, 0xcf, 0xe6, 0x00, 0x00,
        0x00, 0x00, 0x7f, 0xfc, 0x02, 0x00, 0x04, 0x00,
        0x08, 0x20, 0x10, 0x10, 0x3f, 0xf8, 0x10, 0x08 } },  // 会
    { {0xe8, 0x83, 0xbd}, { 0x10, 0x40, 0x24, 0x44, 0x42, 0x48, 0xff, 0x70,
        0x01, 0x40, 0x00, 0x42, 0x7e, 0x42, 0x42, 0x3e,
        0x42, 0x00, 0x7e, 0x44, 0x42, 0x48, 0x42, 0x70,
        0x7e, 0x40, 0x42, 0x42, 0x4a, 0x42, 0x44, 0x3e } },  // 能
    { {0xe6, 0x9c, 0x89}, { 0x02, 0x00, 0x02, 0x00, 0xff, 0xfe, 0x04, 0x00,
        0x04, 0x00, 0x0f, 0xf0, 0x08, 0x10, 0x18, 0x10,
        0x2f, 0xf0, 0x48, 0x10, 0x88, 0x10, 0x0f, 0xf0,
        0x08, 0x10, 0x08, 0x10, 0x08, 0x50, 0x08, 0x20 } },  // 有
    { {0xe6, 0xb2, 0xa1}, { 0x00, 0x00, 0x21, 0xf0, 0x11, 0x10, 0x11, 0x10,
        0x81, 0x10, 0x42, 0x10, 0x54, 0x0e, 0x18, 0x00,
        0x13, 0xf8, 0x22, 0x08, 0xe1, 0x08, 0x21, 0x10,
        0x20, 0xa0, 0x20, 0x40, 0x21, 0xb0, 0x0e, 0x0e } },  // 没
    { {0xe5, 0xa4, 0xa7}, { 0x01, 0x00, 0x01, 0x00, 0x01, 0x00, 0x01, 0x00,
        0x01, 0x00, 0xff, 0xfe, 0x01, 0x00, 0x01, 0x00,
        0x02, 0x80, 0x02, 0x80, 0x04, 0x40, 0x04, 0x40,
        0x08, 0x20, 0x10, 0x10, 0x20, 0x08, 0xc0, 0x06 } },  // 大
    { {0xe5, 0xae, 0xb6}, { 0x02, 0x00, 0x01, 0x00, 0x7f, 0xfe, 0x40, 0x02,
        0x80, 0x04, 0x7f, 0xfc, 0x02, 0x00, 0x0d, 0x08,
        0x71, 0x90, 0x02, 0xa0, 0x0c, 0xc0, 0x71, 0xa0,
        0x06, 0x98, 0x18, 0x86, 0xe2, 0x80, 0x01, 0x00 } },  // 家
    { {0xe6, 0x98, 0xaf}, { 0x1f, 0xf0, 0x10, 0x10, 0x10, 0x10, 0x1f, 0xf0,
        0x10, 0x10, 0x10, 0x10, 0x1f, 0xf0, 0x00, 0x00,
        0xff, 0xfe, 0x01, 0x00, 0x11, 0x00, 0x11, 0xf8,
        0x11, 0x00, 0x29, 0x00, 0x45, 0x00, 0x83, 0xfe } },  // 是
    { {0xe6, 0x9c, 0x80}, { 0x1f, 0xf0, 0x10, 0x10, 0x1f, 0xf0, 0x10, 0x10,
        0x1f, 0xf0, 0x00, 0x00, 0xff, 0xfe, 0x22, 0x00,
        0x3e, 0xf8, 0x22, 0x88, 0x3e, 0x90, 0x22, 0x50,
        0x2f, 0x20, 0xf2, 0x50, 0x42, 0x88, 0x03, 0x06 } },  // 最
    { {0xe4, 0xb8, 0x80}, { 0x00, 0x00, 0x00, 0x00, 0x00, 0x00, 0x00, 0x00,
        0x00, 0x00, 0x00, 0x00, 0x00, 0x00, 0xff, 0xfe,
        0x00, 0x00, 0x00, 0x00, 0x00, 0x00, 0x00, 0x00,
        0x00, 0x00, 0x00, 0x00, 0x00, 0x00, 0x00, 0x00 } },  // 一
    { {0xe4, 0xba, 0x8c}, { 0x00, 0x00, 0x00, 0x00, 0x00, 0x00, 0x3f, 0xf8,
        0x00, 0x00, 0x00, 0x00, 0x00, 0x00, 0x00, 0x00,
        0x00, 0x00, 0x00, 0x00, 0x00, 0x00, 0x00, 0x00,
        0xff, 0xfe, 0x00, 0x00, 0x00, 0x00, 0x00, 0x00 } },  // 二
    { {0xe4, 0xb8, 0x89}, { 0x00, 0x00, 0x00, 0x00, 0x7f, 0xfc, 0x00, 0x00,
        0x00, 0x00, 0x00, 0x00, 0x00, 0x00, 0x3f, 0xf8,
        0x00, 0x00, 0x00, 0x00, 0x00, 0x00, 0x00, 0x00,
        0x00, 0x00, 0xff, 0xfe, 0x00, 0x00, 0x00, 0x00 } },  // 三
    { {0xe5, 0x9b, 0x9b}, { 0x00, 0x00, 0x00, 0x00, 0x7f, 0xfc, 0x44, 0x44,
        0x44, 0x44, 0x44, 0x44, 0x44, 0x44, 0x44, 0x44,
        0x48, 0x44, 0x48, 0x3c, 0x50, 0x04, 0x60, 0x04,
        0x40, 0x04, 0x7f, 0xfc, 0x40, 0x04, 0x00, 0x00 } },  // 四
    { {0xe4, 0xba, 0x94}, { 0x00, 0x00, 0x7f, 0xfc, 0x02, 0x00, 0x02, 0x00,
        0x02, 0x00, 0x02, 0x00, 0x3f, 0xf0, 0x04, 0x10,
        0x04, 0x10, 0x04, 0x10, 0x04, 0x10, 0x08, 0x10,
        0x08, 0x10, 0x08, 0x10, 0xff, 0xfe, 0x00, 0x00 } },  // 五
    { {0xe5, 0x85, 0xad}, { 0x02, 0x00, 0x01, 0x00, 0x00, 0x80, 0x00, 0x80,
        0x00, 0x00, 0xff, 0xfe, 0x00, 0x00, 0x00, 0x00,
        0x04, 0x40, 0x04, 0x20, 0x08, 0x10, 0x08, 0x08,
        0x10, 0x08, 0x20, 0x04, 0x40, 0x04, 0x00, 0x00 } },  // 六
    { {0xe4, 0xb8, 0x83}, { 0x02, 0x00, 0x02, 0x00, 0x02, 0x00, 0x02, 0x00,
        0x02, 0x00, 0x02, 0x3c, 0x07, 0xc0, 0xfa, 0x00,
        0x02, 0x00, 0x02, 0x00, 0x02, 0x00, 0x02, 0x04,
        0x02, 0x04, 0x02, 0x04, 0x01, 0xfc, 0x00, 0x00 } },  // 七
    { {0xe5, 0x85, 0xab}, { 0x00, 0x00, 0x00, 0x40, 0x04, 0x40, 0x04, 0x40,
        0x04, 0x40, 0x04, 0x40, 0x04, 0x40, 0x04, 0x20,
        0x08, 0x20, 0x08, 0x20, 0x08, 0x10, 0x10, 0x10,
        0x10, 0x08, 0x20, 0x08, 0x20, 0x04, 0x40, 0x02 } },  // 八
    { {0xe4, 0xb9, 0x9d}, { 0x04, 0x00, 0x04, 0x00, 0x04, 0x00, 0x04, 0x00,
        0x7f, 0xe0, 0x04, 0x20, 0x04, 0x20, 0x04, 0x20,
        0x08, 0x20, 0x08, 0x20, 0x08, 0x20, 0x10, 0x22,
        0x10, 0x22, 0x20, 0x22, 0x40, 0x1e, 0x80, 0x00 } },  // 九
    { {0xe5, 0x8d, 0x81}, { 0x01, 0x00, 0x01, 0x00, 0x01, 0x00, 0x01, 0x00,
        0x01, 0x00, 0x01, 0x00, 0xff, 0xfe, 0x01, 0x00,
        0x01, 0x00, 0x01, 0x00, 0x01, 0x00, 0x01, 0x00,
        0x01, 0x00, 0x01, 0x00, 0x01, 0x00, 0x01, 0x00 } },  // 十
    { {0xef, 0xbc, 0x81}, { 0x00, 0x00, 0x10, 0x00, 0x10, 0x00, 0x10, 0x00,
        0x10, 0x00, 0x10, 0x00, 0x10, 0x00, 0x10, 0x00,
        0x10, 0x00, 0x10, 0x00, 0x00, 0x00, 0x00, 0x00,
        0x10, 0x00, 0x10, 0x00, 0x00, 0x00, 0x00, 0x00 } },  // ！
    { {0xef, 0xbc, 0x9f}, { 0x00, 0x00, 0x0e, 0x00, 0x11, 0x00, 0x21, 0x80,
        0x31, 0x80, 0x31, 0x80, 0x03, 0x00, 0x06, 0x00,
        0x06, 0x00, 0x06, 0x00, 0x06, 0x00, 0x00, 0x00,
        0x06, 0x00, 0x06, 0x00, 0x00, 0x00, 0x00, 0x00 } },  // ？
    { {0xe3, 0x80, 0x82}, { 0x00, 0x00, 0x00, 0x00, 0x00, 0x00, 0x00, 0x00,
        0x00, 0x00, 0x00, 0x00, 0x00, 0x00, 0x00, 0x00,
        0x00, 0x00, 0x00, 0x00, 0x18, 0x00, 0x24, 0x00,
        0x24, 0x00, 0x18, 0x00, 0x00, 0x00, 0x00, 0x00 } },  // 。
    { {0xef, 0xbc, 0x8c}, { 0x00, 0x00, 0x00, 0x00, 0x00, 0x00, 0x00, 0x00,
        0x00, 0x00, 0x00, 0x00, 0x00, 0x00, 0x00, 0x00,
        0x00, 0x00, 0x00, 0x00, 0x00, 0x00, 0x30, 0x00,
        0x30, 0x00, 0x10, 0x00, 0x20, 0x00, 0x00, 0x00 } },  // ，
    { {0xe3, 0x80, 0x81}, { 0x00, 0x00, 0x00, 0x00, 0x00, 0x00, 0x00, 0x00,
        0x00, 0x00, 0x00, 0x00, 0x00, 0x00, 0x00, 0x00,
        0x00, 0x00, 0x00, 0x00, 0x20, 0x00, 0x18, 0x00,
        0x0c, 0x00, 0x04, 0x00, 0x00, 0x00, 0x00, 0x00 } },  // 、
    { {0xef, 0xbc, 0x9a}, { 0x00, 0x00, 0x00, 0x00, 0x00, 0x00, 0x00, 0x00,
        0x00, 0x00, 0x00, 0x00, 0x00, 0x00, 0x00, 0x00,
        0x00, 0x00, 0x30, 0x00, 0x30, 0x00, 0x00, 0x00,
        0x30, 0x00, 0x30, 0x00, 0x00, 0x00, 0x00, 0x00 } },  // ：
    { {0xef, 0xbc, 0x9b}, { 0x00, 0x00, 0x00, 0x00, 0x00, 0x00, 0x00, 0x00,
        0x00, 0x00, 0x00, 0x00, 0x00, 0x00, 0x00, 0x00,
        0x30, 0x00, 0x30, 0x00, 0x00, 0x00, 0x30, 0x00,
        0x30, 0x00, 0x10, 0x00, 0x20, 0x00, 0x00, 0x00 } },  // ；
    { {0xe2, 0x80, 0xa6}, { 0x00, 0x00, 0x00, 0x00, 0x00, 0x00, 0x00, 0x00,
        0x00, 0x00, 0x00, 0x00, 0x63, 0x18, 0x63, 0x18,
        0x00, 0x00, 0x00, 0x00, 0x00, 0x00, 0x00, 0x00,
        0x00, 0x00, 0x00, 0x00, 0x00, 0x00, 0x00, 0x00 } },  // …
    { {0xef, 0xbd, 0x9e}, { 0x00, 0x00, 0x00, 0x00, 0x00, 0x00, 0x00, 0x00,
        0x00, 0x00, 0x00, 0x00, 0x00, 0x00, 0x1c, 0x04,
        0x23, 0x88, 0x40, 0x70, 0x00, 0x00, 0x00, 0x00,
        0x00, 0x00, 0x00, 0x00, 0x00, 0x00, 0x00, 0x00 } },  // ～
    { {0xef, 0xbc, 0x88}, { 0x00, 0x00, 0x00, 0x08, 0x00, 0x10, 0x00, 0x20,
        0x00, 0x20, 0x00, 0x40, 0x00, 0x40, 0x00, 0x40,
        0x00, 0x40, 0x00, 0x40, 0x00, 0x40, 0x00, 0x20,
        0x00, 0x20, 0x00, 0x10, 0x00, 0x08, 0x00, 0x00 } },  // （
    { {0xef, 0xbc, 0x89}, { 0x00, 0x00, 0x20, 0x00, 0x10, 0x00, 0x08, 0x00,
        0x08, 0x00, 0x04, 0x00, 0x04, 0x00, 0x04, 0x00,
        0x04, 0x00, 0x04, 0x00, 0x04, 0x00, 0x08, 0x00,
        0x08, 0x00, 0x10, 0x00, 0x20, 0x00, 0x00, 0x00 } },  // ）
    { {0xe2, 0x80, 0x9c}, { 0x00, 0x00, 0x00, 0x88, 0x01, 0x10, 0x02, 0x20,
        0x03, 0x30, 0x03, 0x30, 0x00, 0x00, 0x00, 0x00,
        0x00, 0x00, 0x00, 0x00, 0x00, 0x00, 0x00, 0x00,
        0x00, 0x00, 0x00, 0x00, 0x00, 0x00, 0x00, 0x00 } },  // “
    { {0xe2, 0x80, 0x9d}, { 0x00, 0x00, 0x19, 0x80, 0x19, 0x80, 0x08, 0x80,
        0x11, 0x00, 0x22, 0x00, 0x00, 0x00, 0x00, 0x00,
        0x00, 0x00, 0x00, 0x00, 0x00, 0x00, 0x00, 0x00,
        0x00, 0x00, 0x00, 0x00, 0x00, 0x00, 0x00, 0x00 } },  // ”
    { {0xe2, 0x80, 0x98}, { 0x00, 0x00, 0x00, 0x08, 0x00, 0x10, 0x00, 0x20,
        0x00, 0x30, 0x00, 0x30, 0x00, 0x00, 0x00, 0x00,
        0x00, 0x00, 0x00, 0x00, 0x00, 0x00, 0x00, 0x00,
        0x00, 0x00, 0x00, 0x00, 0x00, 0x00, 0x00, 0x00 } },  // ‘
    { {0xe2, 0x80, 0x99}, { 0x00, 0x00, 0x18, 0x00, 0x18, 0x00, 0x08, 0x00,
        0x10, 0x00, 0x20, 0x00, 0x00, 0x00, 0x00, 0x00,
        0x00, 0x00, 0x00, 0x00, 0x00, 0x00, 0x00, 0x00,
        0x00, 0x00, 0x00, 0x00, 0x00, 0x00, 0x00, 0x00 } },  // ’
    { {0xe5, 0x86, 0xb7}, { 0x00, 0x40, 0x40, 0x40, 0x20, 0xa0, 0x20, 0xa0,
        0x01, 0x10, 0x02, 0x48, 0x14, 0x26, 0x10, 0x20,
        0x23, 0xf8, 0xe0, 0x08, 0x20, 0x10, 0x21, 0x10,
        0x20, 0xa0, 0x20, 0x40, 0x20, 0x20, 0x00, 0x20 } },  // 冷
    { {0xe6, 0xb9, 0x96}, { 0x01, 0x00, 0x21, 0x1e, 0x11, 0x12, 0x17, 0xd2,
        0x81, 0x12, 0x41, 0x1e, 0x41, 0x12, 0x17, 0xd2,
        0x14, 0x52, 0x24, 0x5e, 0xe4, 0x52, 0x27, 0xd2,
        0x24, 0x52, 0x20, 0x22, 0x20, 0x2a, 0x00, 0x44 } },  // 湖
    { {0xe5, 0xae, 0x9e}, { 0x02, 0x00, 0x01, 0x00, 0x7f, 0xfe, 0x40, 0x02,
        0x88, 0x84, 0x04, 0x80, 0x04, 0x80, 0x10, 0x80,
        0x08, 0x80, 0x08, 0x80, 0xff, 0xfe, 0x01, 0x40,
        0x02, 0x20, 0x04, 0x10, 0x18, 0x08, 0x60, 0x04 } },  // 实
    { {0xe9, 0xaa, 0x8c}, { 0x00, 0x20, 0xf8, 0x20, 0x08, 0x50, 0x48, 0x50,
        0x48, 0x88, 0x49, 0x04, 0x4a, 0xfa, 0x7c, 0x00,
        0x04, 0x44, 0x04, 0x24, 0x1d, 0x24, 0xe4, 0xa8,
        0x44, 0x88, 0x04, 0x10, 0x2b, 0xfe, 0x10, 0x00 } },  // 验
    { {0xe5, 0xae, 0xa4}, { 0x02, 0x00, 0x01, 0x00, 0x7f, 0xfe, 0x40, 0x02,
        0x80, 0x04, 0x3f, 0xf8, 0x04, 0x00, 0x08, 0x20,
        0x1f, 0xf0, 0x01, 0x10, 0x01, 0x00, 0x3f, 0xf8,
        0x01, 0x00, 0x01, 0x00, 0xff, 0xfe, 0x00, 0x00 } },  // 室
    { {0xe6, 0x9c, 0xba}, { 0x10, 0x00, 0x11, 0xf0, 0x11, 0x10, 0x11, 0x10,
        0xfd, 0x10, 0x11, 0x10, 0x31, 0x10, 0x39, 0x10,
        0x55, 0x10, 0x55, 0x10, 0x91, 0x10, 0x11, 0x12,
        0x11, 0x12, 0x12, 0x12, 0x12, 0x0e, 0x14, 0x00 } },  // 机
    { {0xe5, 0x99, 0xa8}, { 0x00, 0x00, 0x3e, 0x7c, 0x22, 0x44, 0x22, 0x44,
        0x3e, 0x7c, 0x01, 0x20, 0x01, 0x10, 0xff, 0xfe,
        0x02, 0x80, 0x0c, 0x60, 0x30, 0x18, 0xc0, 0x06,
        0x3e, 0x7c, 0x22, 0x44, 0x22, 0x44, 0x3e, 0x7c } },  // 器
    { {0xe4, 0xba, 0xba}, { 0x01, 0x00, 0x01, 0x00, 0x01, 0x00, 0x01, 0x00,
        0x01, 0x00, 0x01, 0x00, 0x02, 0x80, 0x02, 0x80,
        0x04, 0x40, 0x04, 0x40, 0x08, 0x20, 0x08, 0x20,
        0x10, 0x10, 0x20, 0x08, 0x40, 0x04, 0x80, 0x02 } },  // 人
    { {0xe6, 0x8e, 0xa7}, { 0x10, 0x40, 0x10, 0x20, 0x10, 0x20, 0x13, 0xfe,
        0xfa, 0x02, 0x14, 0x94, 0x11, 0x08, 0x1a, 0x04,
        0x30, 0x00, 0xd1, 0xfc, 0x10, 0x20, 0x10, 0x20,
        0x10, 0x20, 0x10, 0x20, 0x57, 0xfe, 0x20, 0x00 } },  // 控
    { {0xe5, 0x88, 0xb6}, { 0x04, 0x04, 0x24, 0x04, 0x24, 0x04, 0x3f, 0xa4,
        0x44, 0x24, 0x04, 0x24, 0xff, 0xe4, 0x04, 0x24,
        0x04, 0x24, 0x3f, 0xa4, 0x24, 0xa4, 0x24, 0xa4,
        0x26, 0x84, 0x25, 0x04, 0x04, 0x14, 0x04, 0x08 } },  // 制
    { {0xe5, 0x9e, 0x8b}, { 0x00, 0x04, 0x7f, 0x84, 0x12, 0x24, 0x12, 0x24,
        0x12, 0x24, 0xff, 0xa4, 0x12, 0x24, 0x22, 0x04,
        0x22, 0x14, 0x41, 0x08, 0x81, 0x00, 0x3f, 0xf8,
        0x01, 0x00, 0x01, 0x00, 0xff, 0xfe, 0x00, 0x00 } },  // 型
    { {0xe5, 0x8f, 0xb7}, { 0x00, 0x00, 0x1f, 0xf0, 0x10, 0x10, 0x10, 0x10,
        0x10, 0x10, 0x1f, 0xf0, 0x00, 0x00, 0xff, 0xfe,
        0x08, 0x00, 0x10, 0x00, 0x1f, 0xf0, 0x00, 0x10,
        0x00, 0x10, 0x00, 0x10, 0x00, 0xa0, 0x00, 0x40 } },  // 号
    { {0xe9, 0x80, 0x89}, { 0x00, 0x40, 0x22, 0x40, 0x12, 0x40, 0x13, 0xf8,
        0x04, 0x40, 0x00, 0x40, 0xf7, 0xfc, 0x11, 0x20,
        0x11, 0x20, 0x11, 0x20, 0x12, 0x24, 0x12, 0x24,
        0x14, 0x1c, 0x28, 0x00, 0x47, 0xfe, 0x00, 0x00 } },  // 选
    { {0xe6, 0x8b, 0xa9}, { 0x20, 0x00, 0x27, 0xf8, 0x22, 0x08, 0x21, 0x10,
        0xf0, 0xa0, 0x20, 0x40, 0x21, 0xb0, 0x26, 0x4e,
        0x30, 0x40, 0xe3, 0xf8, 0x20, 0x40, 0x20, 0x40,
        0x27, 0xfc, 0x20, 0x40, 0xa0, 0x40, 0x40, 0x40 } },  // 择
    { {0xe7, 0xa8, 0x8b}, { 0x08, 0x00, 0x1d, 0xfc, 0xf1, 0x04, 0x11, 0x04,
        0x11, 0x04, 0xfd, 0xfc, 0x10, 0x00, 0x30, 0x00,
        0x39, 0xfe, 0x54, 0x20, 0x54, 0x20, 0x91, 0xfc,
        0x10, 0x20, 0x10, 0x20, 0x13, 0xfe, 0x10, 0x00 } },  // 程
    { {0xe5, 0xba, 0x8f}, { 0x01, 0x00, 0x00, 0x80, 0x3f, 0xfe, 0x20, 0x00,
        0x23, 0xf8, 0x20, 0x10, 0x20, 0xa0, 0x20, 0x40,
        0x2f, 0xfe, 0x20, 0x42, 0x20, 0x44, 0x20, 0x40,
        0x40, 0x40, 0x40, 0x40, 0x81, 0x40, 0x00, 0x80 } },  // 序
    { {0xe5, 0x9b, 0xba}, { 0x00, 0x00, 0x7f, 0xfc, 0x41, 0x04, 0x41, 0x04,
        0x5f, 0xf4, 0x41, 0x04, 0x41, 0x04, 0x4f, 0xe4,
        0x48, 0x24, 0x48, 0x24, 0x48, 0x24, 0x4f, 0xe4,
        0x48, 0x24, 0x40, 0x04, 0x7f, 0xfc, 0x40, 0x04 } },  // 固
    { {0xe4, 0xbb, 0xb6}, { 0x08, 0x20, 0x08, 0x20, 0x09, 0x20, 0x11, 0x20,
        0x11, 0xfc, 0x32, 0x20, 0x32, 0x20, 0x54, 0x20,
        0x90, 0x20, 0x17, 0xfe, 0x10, 0x20, 0x10, 0x20,
        0x10, 0x20, 0x10, 0x20, 0x10, 0x20, 0x10, 0x20 } },  // 件
    { {0xe4, 0xbc, 0xa0}, { 0x08, 0x40, 0x08, 0x40, 0x08, 0x40, 0x13, 0xf8,
        0x10, 0x40, 0x30, 0x80, 0x37, 0xfe, 0x50, 0x80,
        0x91, 0x00, 0x13, 0xf8, 0x10, 0x08, 0x11, 0x10,
        0x10, 0xa0, 0x10, 0x40, 0x10, 0x20, 0x10, 0x20 } },  // 传
    { {0xe4, 0xb8, 0x8b}, { 0x00, 0x00, 0xff, 0xfe, 0x02, 0x00, 0x02, 0x00,
        0x02, 0x00, 0x02, 0x00, 0x02, 0x40, 0x02, 0x20,
        0x02, 0x10, 0x02, 0x08, 0x02, 0x08, 0x02, 0x00,
        0x02, 0x00, 0x02, 0x00, 0x02, 0x00, 0x02, 0x00 } },  // 下
    { {0xe8, 0xbd, 0xbd}, { 0x08, 0x20, 0x08, 0x28, 0x7f, 0x24, 0x08, 0x20,
        0xff, 0xfe, 0x10, 0x20, 0x10, 0x24, 0xff, 0x24,
        0x20, 0x24, 0x48, 0x28, 0x7f, 0x28, 0x08, 0x10,
        0x0f, 0x12, 0xf8, 0x2a, 0x08, 0x46, 0x08, 0x82 } },  // 载
    { {0xe8, 0xbf, 0x9e}, { 0x00, 0x40, 0x20, 0x40, 0x17, 0xfe, 0x10, 0x80,
        0x00, 0xa0, 0x01, 0x20, 0xf3, 0xfc, 0x10, 0x20,
        0x10, 0x20, 0x10, 0x20, 0x17, 0xfe, 0x10, 0x20,
        0x10, 0x20, 0x28, 0x20, 0x47, 0xfe, 0x00, 0x00 } },  // 连
    { {0xe6, 0x8e, 0xa5}, { 0x10, 0x80, 0x10, 0x40, 0x13, 0xfc, 0x10, 0x00,
        0xfd, 0x08, 0x10, 0x90, 0x17, 0xfe, 0x10, 0x40,
        0x18, 0x40, 0x37, 0xfe, 0xd0, 0x88, 0x11, 0x08,
        0x10, 0x90, 0x10, 0x60, 0x51, 0x98, 0x26, 0x04 } },  // 接
    { {0xe4, 0xb8, 0xb2}, { 0x01, 0x00, 0x01, 0x00, 0x3f, 0xf8, 0x21, 0x08,
        0x21, 0x08, 0x3f, 0xf8, 0x01, 0x00, 0x01, 0x00,
        0x7f, 0xfc, 0x41, 0x04, 0x41, 0x04, 0x7f, 0xfc,
        0x41, 0x04, 0x01, 0x00, 0x01, 0x00, 0x01, 0x00 } },  // 串
    { {0xe5, 0x8f, 0xa3}, { 0x00, 0x00, 0x00, 0x00, 0x3f, 0xf8, 0x20, 0x08,
        0x20, 0x08, 0x20, 0x08, 0x20, 0x08, 0x20, 0x08,
        0x20, 0x08, 0x20, 0x08, 0x20, 0x08, 0x20, 0x08,
        0x20, 0x08, 0x3f, 0xf8, 0x20, 0x08, 0x00, 0x00 } },  // 口
    { {0xe6, 0x88, 0x90}, { 0x00, 0x50, 0x00, 0x48, 0x00, 0x40, 0x3f, 0xfe,
        0x20, 0x40, 0x20, 0x40, 0x20, 0x44, 0x3e, 0x44,
        0x22, 0x44, 0x22, 0x28, 0x22, 0x28, 0x22, 0x12,
        0x2a, 0x32, 0x44, 0x4a, 0x40, 0x86, 0x81, 0x02 } },  // 成
    { {0xe5, 0x8a, 0x9f}, { 0x00, 0x40, 0x00, 0x40, 0x00, 0x40, 0xfe, 0x40,
        0x11, 0xfc, 0x10, 0x44, 0x10, 0x44, 0x10, 0x44,
        0x10, 0x44, 0x10, 0x84, 0x10, 0x84, 0x1e, 0x84,
        0xf1, 0x04, 0x41, 0x04, 0x02, 0x28, 0x04, 0x10 } },  // 功
    { {0xe5, 0xa4, 0xb1}, { 0x01, 0x00, 0x11, 0x00, 0x11, 0x00, 0x11, 0x00,
        0x3f, 0xf8, 0x21, 0x00, 0x41, 0x00, 0x01, 0x00,
        0xff, 0xfe, 0x02, 0x80, 0x04, 0x40, 0x04, 0x40,
        0x08, 0x20, 0x10, 0x10, 0x20, 0x08, 0xc0, 0x06 } },  // 失
    { {0xe8, 0xb4, 0xa5}, { 0x00, 0x40, 0x7c, 0x40, 0x44, 0x40, 0x54, 0x80,
        0x54, 0xfe, 0x55, 0x08, 0x56, 0x88, 0x54, 0x88,
        0x54, 0x88, 0x54, 0x50, 0x54, 0x50, 0x10, 0x20,
        0x28, 0x50, 0x24, 0x88, 0x45, 0x04, 0x82, 0x02 } },  // 败
    { {0xe5, 0xbc, 0xaf}, { 0x02, 0x00, 0x01, 0x00, 0xff, 0xfe, 0x04, 0x40,
        0x14, 0x50, 0x24, 0x48, 0x44, 0x44, 0x00, 0x00,
        0x3f, 0xf0, 0x00, 0x10, 0x3f, 0xf0, 0x20, 0x00,
        0x3f, 0xf8, 0x00, 0x08, 0x00, 0x50, 0x00, 0x20 } },  // 弯
    { {0xe5, 0xa7, 0x8b}, { 0x10, 0x20, 0x10, 0x20, 0x10, 0x20, 0x10, 0x40,
        0xfc, 0x48, 0x24, 0x84, 0x25, 0xfe, 0x24, 0x82,
        0x24, 0x00, 0x48, 0xfc, 0x28, 0x84, 0x10, 0x84,
        0x28, 0x84, 0x44, 0x84, 0x80, 0xfc, 0x00, 0x84 } },  // 始
    { {0xe8, 0x87, 0xaa}, { 0x01, 0x00, 0x02, 0x00, 0x04, 0x00, 0x1f, 0xf0,
        0x10, 0x10, 0x10, 0x10, 0x10, 0x10, 0x1f, 0xf0,
        0x10, 0x10, 0x10, 0x10, 0x1f, 0xf0, 0x10, 0x10,
        0x10, 0x10, 0x10, 0x10, 0x1f, 0xf0, 0x10, 0x10 } },  // 自
    { {0xe5, 0x8a, 0xa8}, { 0x00, 0x40, 0x00, 0x40, 0x7c, 0x40, 0x00, 0x40,
        0x01, 0xfc, 0x00, 0x44, 0xfe, 0x44, 0x20, 0x44,
        0x20, 0x44, 0x20, 0x84, 0x48, 0x84, 0x44, 0x84,
        0xfd, 0x04, 0x45, 0x04, 0x02, 0x28, 0x04, 0x10 } },  // 动
    { {0xe4, 0xb8, 0xbb}, { 0x02, 0x00, 0x01, 0x00, 0x00, 0x00, 0x7f, 0xfc,
        0x01, 0x00, 0x01, 0x00, 0x01, 0x00, 0x01, 0x00,
        0x3f, 0xf8, 0x01, 0x00, 0x01, 0x00, 0x01, 0x00,
        0x01, 0x00, 0x01, 0x00, 0xff, 0xfe, 0x00, 0x00 } },  // 主
    { {0xe9, 0x81, 0xbf}, { 0x00, 0x10, 0x47, 0x88, 0x24, 0xbe, 0x24, 0x80,
        0x04, 0xa2, 0x07, 0x94, 0xe4, 0x3e, 0x28, 0x08,
        0x2f, 0x88, 0x34, 0xbe, 0x24, 0x88, 0x27, 0x88,
        0x24, 0x88, 0x50, 0x00, 0x8f, 0xfe, 0x00, 0x00 } },  // 避
    { {0xe9, 0x9a, 0x9c}, { 0x00, 0x20, 0x7d, 0xfc, 0x44, 0x88, 0x48, 0x50,
        0x4b, 0xfe, 0x50, 0x00, 0x49, 0xfc, 0x49, 0x04,
        0x45, 0xfc, 0x45, 0x04, 0x45, 0xfc, 0x68, 0x20,
        0x53, 0xfe, 0x40, 0x20, 0x40, 0x20, 0x40, 0x20 } },  // 障
    { {0xe8, 0xb7, 0x9d}, { 0x00, 0x00, 0x7d, 0xfe, 0x45, 0x00, 0x45, 0x00,
        0x45, 0x00, 0x7d, 0xfc, 0x11, 0x04, 0x11, 0x04,
        0x5d, 0x04, 0x51, 0x04, 0x51, 0xfc, 0x51, 0x00,
        0x5d, 0x00, 0xe1, 0x00, 0x01, 0xfe, 0x00, 0x00 } },  // 距
    { {0xe7, 0xa6, 0xbb}, { 0x02, 0x00, 0x01, 0x00, 0xff, 0xfe, 0x00, 0x00,
        0x14, 0x50, 0x13, 0x90, 0x14, 0x50, 0x1f, 0xf0,
        0x01, 0x00, 0x7f, 0xfc, 0x42, 0x04, 0x44, 0x44,
        0x4f, 0xe4, 0x44, 0x24, 0x40, 0x14, 0x40, 0x08 } },  // 离
    { {0xe6, 0xb5, 0x8b}, { 0x00, 0x04, 0x27, 0xc4, 0x14, 0x44, 0x14, 0x54,
        0x85, 0x54, 0x45, 0x54, 0x45, 0x54, 0x15, 0x54,
        0x15, 0x54, 0x25, 0x54, 0xe5, 0x54, 0x21, 0x04,
        0x22, 0x84, 0x22, 0x44, 0x24, 0x14, 0x08, 0x08 } },  // 测
    { {0xe9, 0x87, 0x8f}, { 0x00, 0x00, 0x1f, 0xf0, 0x10, 0x10, 0x1f, 0xf0,
        0x10, 0x10, 0xff, 0xfe, 0x00, 0x00, 0x1f, 0xf0,
        0x11, 0x10, 0x1f, 0xf0, 0x11, 0x10, 0x1f, 0xf0,
        0x01, 0x00, 0x1f, 0xf0, 0x01, 0x00, 0x7f, 0xfc } },  // 量
    { {0xe6, 0x98, 0xbe}, { 0x00, 0x00, 0x1f, 0xf0, 0x10, 0x10, 0x10, 0x10,
        0x1f, 0xf0, 0x10, 0x10, 0x10, 0x10, 0x1f, 0xf0,
        0x04, 0x40, 0x44, 0x44, 0x24, 0x44, 0x14, 0x48,
        0x14, 0x50, 0x04, 0x40, 0xff, 0xfe, 0x00, 0x00 } },  // 显
    { {0xe7, 0xa4, 0xba}, { 0x00, 0x00, 0x3f, 0xf8, 0x00, 0x00, 0x00, 0x00,
        0x00, 0x00, 0x00, 0x00, 0xff, 0xfe, 0x01, 0x00,
        0x01, 0x00, 0x11, 0x10, 0x11, 0x08, 0x21, 0x04,
        0x41, 0x02, 0x81, 0x02, 0x05, 0x00, 0x02, 0x00 } },  // 示
    { {0xe6, 0xb8, 0x85}, { 0x00, 0x40, 0x20, 0x40, 0x17, 0xfc, 0x10, 0x40,
        0x83, 0xf8, 0x40, 0x40, 0x47, 0xfe, 0x10, 0x00,
        0x13, 0xf8, 0x22, 0x08, 0xe3, 0xf8, 0x22, 0x08,
        0x23, 0xf8, 0x22, 0x08, 0x22, 0x28, 0x02, 0x10 } },  // 清
    { {0xe5, 0xb1, 0x8f}, { 0x00, 0x00, 0x3f, 0xf8, 0x20, 0x08, 0x20, 0x08,
        0x3f, 0xf8, 0x24, 0x10, 0x22, 0x20, 0x2f, 0xf8,
        0x22, 0x20, 0x22, 0x20, 0x3f, 0xfc, 0x22, 0x20,
        0x42, 0x20, 0x44, 0x20, 0x84, 0x20, 0x08, 0x20 } },  // 屏
    { {0xe6, 0x96, 0x87}, { 0x02, 0x00, 0x01, 0x00, 0x01, 0x00, 0xff, 0xfe,
        0x10, 0x10, 0x10, 0x10, 0x08, 0x20, 0x08, 0x20,
        0x04, 0x40, 0x02, 0x80, 0x01, 0x00, 0x02, 0x80,
        0x04, 0x40, 0x08, 0x20, 0x30, 0x18, 0xc0, 0x06 } },  // 文
    { {0xe5, 0xad, 0x97}, { 0x02, 0x00, 0x01, 0x00, 0x7f, 0xfe, 0x40, 0x02,
        0x80, 0x04, 0x1f, 0xe0, 0x00, 0x40, 0x00, 0x80,
        0x01, 0x00, 0xff, 0xfe, 0x01, 0x00, 0x01, 0x00,
        0x01, 0x00, 0x01, 0x00, 0x05, 0x00, 0x02, 0x00 } },  // 字
    { {0xe6, 0x96, 0xb9}, { 0x02, 0x00, 0x01, 0x00, 0x01, 0x00, 0xff, 0xfe,
        0x04, 0x00, 0x04, 0x00, 0x04, 0x00, 0x07, 0xf0,
        0x04, 0x10, 0x04, 0x10, 0x04, 0x10, 0x08, 0x10,
        0x08, 0x10, 0x10, 0x10, 0x20, 0xa0, 0x40, 0x40 } },  // 方
    { {0xe5, 0x90, 0x91}, { 0x02, 0x00, 0x04, 0x00, 0x08, 0x00, 0x7f, 0xfc,
        0x40, 0x04, 0x40, 0x04, 0x47, 0xc4, 0x44, 0x44,
        0x44, 0x44, 0x44, 0x44, 0x44, 0x44, 0x47, 0xc4,
        0x44, 0x44, 0x40, 0x04, 0x40, 0x14, 0x40, 0x08 } },  // 向
    { {0xe9, 0x80, 0x9f}, { 0x00, 0x40, 0x20, 0x40, 0x17, 0xfc, 0x10, 0x40,
        0x03, 0xf8, 0x02, 0x48, 0xf2, 0x48, 0x13, 0xf8,
        0x10, 0xe0, 0x11, 0x50, 0x12, 0x48, 0x14, 0x44,
        0x10, 0x40, 0x28, 0x00, 0x47, 0xfe, 0x00, 0x00 } },  // 速
    { {0xe5, 0xba, 0xa6}, { 0x01, 0x00, 0x00, 0x80, 0x3f, 0xfe, 0x22, 0x20,
        0x22, 0x20, 0x3f, 0xfc, 0x22, 0x20, 0x22, 0x20,
        0x23, 0xe0, 0x20, 0x00, 0x2f, 0xf0, 0x24, 0x10,
        0x42, 0x20, 0x41, 0xc0, 0x86, 0x30, 0x38, 0x0e } },  // 度
    { {0xe8, 0xb7, 0xaf}, { 0x00, 0x40, 0x7c, 0x40, 0x44, 0x78, 0x44, 0x88,
        0x45, 0x50, 0x7c, 0x20, 0x10, 0x50, 0x10, 0x88,
        0x11, 0x06, 0x5c, 0xf8, 0x50, 0x88, 0x50, 0x88,
        0x50, 0x88, 0x5c, 0x88, 0xe0, 0xf8, 0x00, 0x88 } },  // 路
    { {0xe7, 0x88, 0xac}, { 0x0e, 0x00, 0x74, 0x00, 0x55, 0xfc, 0x55, 0x24,
        0x55, 0x24, 0x55, 0x24, 0x55, 0xfc, 0x55, 0x00,
        0x55, 0x00, 0x55, 0x02, 0x55, 0x02, 0x52, 0xfe,
        0x52, 0x00, 0x51, 0x00, 0x90, 0xfe, 0x10, 0x00 } },  // 爬
    { {0xe8, 0xa1, 0x8c}, { 0x08, 0x00, 0x09, 0xfc, 0x10, 0x00, 0x20, 0x00,
        0x48, 0x00, 0x08, 0x00, 0x13, 0xfe, 0x30, 0x20,
        0x50, 0x20, 0x90, 0x20, 0x10, 0x20, 0x10, 0x20,
        0x10, 0x20, 0x10, 0x20, 0x10, 0xa0, 0x10, 0x40 } },  // 行
    { {0xe4, 0xbd, 0x9c}, { 0x09, 0x00, 0x09, 0x00, 0x09, 0x00, 0x11, 0xfe,
        0x12, 0x80, 0x32, 0x80, 0x34, 0x80, 0x50, 0xf8,
        0x90, 0x80, 0x10, 0x80, 0x10, 0x80, 0x10, 0xfc,
        0x10, 0x80, 0x10, 0x80, 0x10, 0x80, 0x10, 0x80 } },  // 作
    { {0xe8, 0x88, 0x9e}, { 0x10, 0x00, 0x3f, 0xfc, 0x4a, 0xa0, 0x0a, 0xa0,
        0x7f, 0xfc, 0x0a, 0xa0, 0x0a, 0xa0, 0x7f, 0xfc,
        0x10, 0x10, 0x10, 0x10, 0x3e, 0xfc, 0x42, 0x10,
        0x14, 0x90, 0x08, 0xfe, 0x30, 0x10, 0xc0, 0x10 } },  // 舞
    { {0xe9, 0x9d, 0x9e}, { 0x04, 0x40, 0x04, 0x40, 0x04, 0x40, 0xfc, 0x7e,
        0x04, 0x40, 0x04, 0x40, 0x04, 0x40, 0x7c, 0x7c,
        0x04, 0x40, 0x04, 0x40, 0x04, 0x40, 0x04, 0x40,
        0xfc, 0x7e, 0x04, 0x40, 0x04, 0x40, 0x04, 0x40 } },  // 非
    { {0xe5, 0xb8, 0xb8}, { 0x01, 0x00, 0x11, 0x10, 0x09, 0x20, 0x7f, 0xfe,
        0x40, 0x02, 0x9f, 0xf4, 0x10, 0x10, 0x1f, 0xf0,
        0x01, 0x00, 0x3f, 0xf8, 0x21, 0x08, 0x21, 0x08,
        0x21, 0x28, 0x21, 0x10, 0x01, 0x00, 0x01, 0x00 } },  // 常
    { {0xe5, 0x8f, 0xaf}, { 0x00, 0x00, 0x7f, 0xfe, 0x00, 0x10, 0x00, 0x10,
        0x1f, 0x10, 0x11, 0x10, 0x11, 0x10, 0x11, 0x10,
        0x11, 0x10, 0x11, 0x10, 0x1f, 0x10, 0x11, 0x10,
        0x00, 0x10, 0x00, 0x10, 0x00, 0x50, 0x00, 0x20 } },  // 可
    { {0xe4, 0xbb, 0xa5}, { 0x00, 0x10, 0x04, 0x10, 0x22, 0x10, 0x21, 0x10,
        0x21, 0x10, 0x20, 0x10, 0x20, 0x10, 0x20, 0x20,
        0x20, 0x20, 0x20, 0x20, 0x24, 0x40, 0x28, 0x50,
        0x30, 0x88, 0x21, 0x04, 0x02, 0x02, 0x04, 0x02 } },  // 以
    { {0xe6, 0x87, 0x82}, { 0x21, 0x10, 0x27, 0xfe, 0x21, 0x10, 0x23, 0xf8,
        0x30, 0x40, 0xaf, 0xfc, 0xa0, 0x40, 0xa3, 0xf8,
        0xa2, 0x48, 0x23, 0xf8, 0x22, 0x48, 0x23, 0xf8,
        0x20, 0x40, 0x27, 0xfc, 0x20, 0x40, 0x2f, 0xfe } },  // 懂
    { {0xe8, 0xaf, 0x95}, { 0x00, 0x28, 0x20, 0x24, 0x10, 0x24, 0x10, 0x20,
        0x07, 0xfe, 0x00, 0x20, 0xf0, 0x20, 0x17, 0xe0,
        0x11, 0x20, 0x11, 0x10, 0x11, 0x10, 0x15, 0x10,
        0x19, 0xca, 0x17, 0x0a, 0x02, 0x06, 0x00, 0x02 } },  // 试
    { {0xe5, 0xb8, 0xae}, { 0x08, 0x00, 0x08, 0x7c, 0xff, 0x48, 0x08, 0x50,
        0x7e, 0x48, 0x08, 0x44, 0xff, 0x54, 0x10, 0x48,
        0x20, 0x40, 0x41, 0x00, 0xbf, 0xf8, 0x21, 0x08,
        0x21, 0x08, 0x21, 0x28, 0x21, 0x10, 0x01, 0x00 } },  // 帮
    { {0xe5, 0x8a, 0xa9}, { 0x00, 0x20, 0x7c, 0x20, 0x44, 0x20, 0x44, 0x20,
        0x44, 0xfc, 0x7c, 0x24, 0x44, 0x24, 0x44, 0x24,
        0x7c, 0x24, 0x44, 0x24, 0x44, 0x24, 0x44, 0x44,
        0x4e, 0x44, 0xf0, 0x84, 0x01, 0x28, 0x02, 0x10 } },  // 助
    { {0xe5, 0xad, 0xa9}, { 0x00, 0x20, 0xfc, 0x10, 0x04, 0x10, 0x0b, 0xfe,
        0x10, 0x20, 0x10, 0x42, 0x14, 0x84, 0x19, 0xf8,
        0x30, 0x10, 0xd0, 0x22, 0x10, 0xc4, 0x13, 0x08,
        0x10, 0x10, 0x10, 0x28, 0x50, 0xc4, 0x23, 0x02 } },  // 孩
    { {0xe5, 0xad, 0x90}, { 0x00, 0x00, 0x7f, 0xf8, 0x00, 0x10, 0x00, 0x20,
        0x00, 0x40, 0x01, 0x80, 0x01, 0x00, 0xff, 0xfe,
        0x01, 0x00, 0x01, 0x00, 0x01, 0x00, 0x01, 0x00,
        0x01, 0x00, 0x01, 0x00, 0x05, 0x00, 0x02, 0x00 } },  // 子
    { {0xe6, 0x9c, 0x8b}, { 0x00, 0x00, 0x3e, 0x7c, 0x22, 0x44, 0x22, 0x44,
        0x22, 0x44, 0x3e, 0x7c, 0x22, 0x44, 0x22, 0x44,
        0x22, 0x44, 0x3e, 0x7c, 0x22, 0x44, 0x22, 0x44,
        0x22, 0x44, 0x42, 0x84, 0x4a, 0x94, 0x85, 0x08 } },  // 朋
    { {0xe5, 0x8f, 0x8b}, { 0x02, 0x00, 0x02, 0x00, 0x02, 0x00, 0xff, 0xfe,
        0x04, 0x00, 0x04, 0x00, 0x0f, 0xf0, 0x0a, 0x10,
        0x12, 0x10, 0x11, 0x20, 0x21, 0x40, 0x40, 0x80,
        0x81, 0x40, 0x06, 0x20, 0x18, 0x18, 0x60, 0x06 } },  // 友
    { {0xe4, 0xbb, 0x8a}, { 0x01, 0x00, 0x01, 0x00, 0x02, 0x80, 0x04, 0x40,
        0x08, 0x20, 0x12, 0x10, 0x21, 0x08, 0xc1, 0x06,
        0x00, 0x00, 0x1f, 0xf0, 0x00, 0x10, 0x00, 0x20,
        0x00, 0x20, 0x00, 0x40, 0x00, 0x80, 0x01, 0x00 } },  // 今
    { {0xe5, 0xa4, 0xa9}, { 0x00, 0x00, 0x3f, 0xf8, 0x01, 0x00, 0x01, 0x00,
        0x01, 0x00, 0x01, 0x00, 0xff, 0xfe, 0x01, 0x00,
        0x02, 0x80, 0x02, 0x80, 0x04, 0x40, 0x04, 0x40,
        0x08, 0x20, 0x10, 0x10, 0x20, 0x08, 0xc0, 0x06 } },  // 天
    { {0xe6, 0x98, 0x8e}, { 0x00, 0x00, 0x00, 0xfc, 0x7c, 0x84, 0x44, 0x84,
        0x44, 0x84, 0x44, 0xfc, 0x7c, 0x84, 0x44, 0x84,
        0x44, 0x84, 0x44, 0xfc, 0x7c, 0x84, 0x44, 0x84,
        0x01, 0x04, 0x01, 0x04, 0x02, 0x14, 0x04, 0x08 } },  // 明
    { {0xe6, 0x98, 0xa8}, { 0x01, 0x00, 0x01, 0x00, 0x79, 0x00, 0x49, 0xfe,
        0x4a, 0x80, 0x4a, 0x80, 0x4c, 0x80, 0x78, 0xf8,
        0x48, 0x80, 0x48, 0x80, 0x48, 0x80, 0x48, 0xfc,
        0x78, 0x80, 0x48, 0x80, 0x00, 0x80, 0x00, 0x80 } },  // 昨
    { {0xe7, 0x8e, 0xb0}, { 0x00, 0x00, 0x01, 0xfc, 0xfd, 0x04, 0x11, 0x04,
        0x11, 0x24, 0x11, 0x24, 0x11, 0x24, 0x7d, 0x24,
        0x11, 0x24, 0x11, 0x54, 0x10, 0x50, 0x10, 0x90,
        0x1c, 0x90, 0xe1, 0x12, 0x42, 0x12, 0x04, 0x0e } },  // 现
    { {0xe6, 0x97, 0xb6}, { 0x00, 0x08, 0x00, 0x08, 0x7c, 0x08, 0x44, 0x08,
        0x45, 0xfe, 0x44, 0x08, 0x44, 0x08, 0x7c, 0x08,
        0x44, 0x88, 0x44, 0x48, 0x44, 0x48, 0x44, 0x08,
        0x7c, 0x08, 0x44, 0x08, 0x00, 0x28, 0x00, 0x10 } },  // 时
    { {0xe9, 0x97, 0xb4}, { 0x20, 0x00, 0x13, 0xfc, 0x10, 0x04, 0x40, 0x04,
        0x47, 0xc4, 0x44, 0x44, 0x44, 0x44, 0x44, 0x44,
        0x47, 0xc4, 0x44, 0x44, 0x44, 0x44, 0x44, 0x44,
        0x47, 0xc4, 0x40, 0x04, 0x40, 0x14, 0x40, 0x08 } },  // 间
    { {0xe9, 0x98, 0xb3}, { 0x00, 0x00, 0x7c, 0x00, 0x45, 0xfc, 0x49, 0x04,
        0x49, 0x04, 0x51, 0x04, 0x49, 0x04, 0x49, 0x04,
        0x45, 0xfc, 0x45, 0x04, 0x45, 0x04, 0x69, 0x04,
        0x51, 0x04, 0x41, 0x04, 0x41, 0xfc, 0x41, 0x04 } },  // 阳
    { {0xe6, 0x9c, 0x88}, { 0x00, 0x00, 0x1f, 0xf8, 0x10, 0x08, 0x10, 0x08,
        0x10, 0x08, 0x1f, 0xf8, 0x10, 0x08, 0x10, 0x08,
        0x10, 0x08, 0x1f, 0xf8, 0x10, 0x08, 0x10, 0x08,
        0x20, 0x08, 0x20, 0x08, 0x40, 0x28, 0x80, 0x10 } },  // 月
    { {0xe4, 0xba, 0xae}, { 0x02, 0x00, 0x01, 0x00, 0x7f, 0xfc, 0x00, 0x00,
        0x1f, 0xf0, 0x10, 0x10, 0x1f, 0xf0, 0x00, 0x00,
        0x7f, 0xfe, 0x40, 0x02, 0x8f, 0xe4, 0x08, 0x20,
        0x08, 0x20, 0x10, 0x22, 0x20, 0x22, 0xc0, 0x1e } },  // 亮
    { {0xe6, 0x98, 0x9f}, { 0x00, 0x00, 0x1f, 0xf0, 0x10, 0x10, 0x1f, 0xf0,
        0x10, 0x10, 0x1f, 0xf0, 0x01, 0x00, 0x11, 0x00,
        0x1f, 0xf8, 0x21, 0x00, 0x41, 0x00, 0x1f, 0xf0,
        0x01, 0x00, 0x01, 0x00, 0x7f, 0xfc, 0x00, 0x00 } },  // 星
    { {0xe7, 0xa9, 0xba}, { 0x02, 0x00, 0x01, 0x00, 0x7f, 0xfe, 0x40, 0x02,
        0x88, 0x24, 0x10, 0x10, 0x20, 0x08, 0x00, 0x00,
        0x1f, 0xf0, 0x01, 0x00, 0x01, 0x00, 0x01, 0x00,
        0x01, 0x00, 0x01, 0x00, 0x7f, 0xfc, 0x00, 0x00 } },  // 空
    { {0xe5, 0x9c, 0xb0}, { 0x10, 0x20, 0x10, 0x20, 0x10, 0x20, 0x11, 0x20,
        0x11, 0x2c, 0xfd, 0x34, 0x11, 0x64, 0x13, 0xa4,
        0x11, 0x24, 0x11, 0x34, 0x11, 0x28, 0x1d, 0x22,
        0xe1, 0x22, 0x41, 0x02, 0x00, 0xfe, 0x00, 0x00 } },  // 地
    { {0xe9, 0x9d, 0xa2}, { 0x00, 0x00, 0xff, 0xfe, 0x02, 0x00, 0x02, 0x00,
        0x04, 0x00, 0x3f, 0xf8, 0x24, 0x48, 0x24, 0x48,
        0x27, 0xc8, 0x24, 0x48, 0x24, 0x48, 0x27, 0xc8,
        0x24, 0x48, 0x24, 0x48, 0x3f, 0xf8, 0x20, 0x08 } },  // 面
    { {0xe6, 0x88, 0xbf}, { 0x02, 0x00, 0x01, 0x00, 0x3f, 0xfc, 0x20, 0x04,
        0x20, 0x04, 0x3f, 0xfc, 0x21, 0x00, 0x20, 0x80,
        0x3f, 0xfc, 0x22, 0x00, 0x22, 0x00, 0x23, 0xf8,
        0x44, 0x08, 0x44, 0x08, 0x88, 0x28, 0x10, 0x10 } },  // 房
    { {0xe5, 0xad, 0xa6}, { 0x22, 0x08, 0x11, 0x08, 0x11, 0x10, 0x00, 0x20,
        0x7f, 0xfe, 0x40, 0x02, 0x80, 0x04, 0x1f, 0xe0,
        0x00, 0x40, 0x01, 0x80, 0xff, 0xfe, 0x01, 0x00,
        0x01, 0x00, 0x01, 0x00, 0x05, 0x00, 0x02, 0x00 } },  // 学
    { {0xe6, 0xa0, 0xa1}, { 0x10, 0x40, 0x10, 0x20, 0x10, 0x20, 0x11, 0xfe,
        0xfc, 0x00, 0x10, 0x88, 0x31, 0x04, 0x3a, 0x02,
        0x54, 0x88, 0x50, 0x88, 0x90, 0x50, 0x10, 0x50,
        0x10, 0x20, 0x10, 0x50, 0x10, 0x88, 0x13, 0x06 } },  // 校
    { {0xe8, 0x80, 0x81}, { 0x02, 0x00, 0x02, 0x08, 0x3f, 0xd0, 0x02, 0x20,
        0x02, 0x40, 0xff, 0xfe, 0x01, 0x00, 0x02, 0x00,
        0x0c, 0x10, 0x18, 0xe0, 0x2f, 0x00, 0x48, 0x08,
        0x88, 0x08, 0x08, 0x08, 0x07, 0xf8, 0x00, 0x00 } },  // 老
    { {0xe5, 0xb8, 0x88}, { 0x08, 0x00, 0x0b, 0xfe, 0x48, 0x20, 0x48, 0x20,
        0x48, 0x20, 0x49, 0xfc, 0x49, 0x24, 0x49, 0x24,
        0x49, 0x24, 0x49, 0x24, 0x49, 0x24, 0x09, 0x34,
        0x11, 0x28, 0x10, 0x20, 0x20, 0x20, 0x40, 0x20 } },  // 师
    { {0xe5, 0x90, 0x8c}, { 0x00, 0x00, 0x3f, 0xfc, 0x20, 0x04, 0x20, 0x04,
        0x2f, 0xf4, 0x20, 0x04, 0x20, 0x04, 0x27, 0xe4,
        0x24, 0x24, 0x24, 0x24, 0x24, 0x24, 0x27, 0xe4,
        0x24, 0x24, 0x20, 0x04, 0x20, 0x14, 0x20, 0x08 } },  // 同
    { {0xe6, 0x80, 0x8e}, { 0x08, 0x00, 0x08, 0x00, 0x0f, 0xfc, 0x14, 0x00,
        0x24, 0x00, 0x47, 0xf0, 0x04, 0x00, 0x04, 0x00,
        0x07, 0xf8, 0x04, 0x00, 0x01, 0x00, 0x08, 0x84,
        0x48, 0x92, 0x48, 0x12, 0x87, 0xf0, 0x00, 0x00 } },  // 怎
    { {0xe4, 0xb8, 0xba}, { 0x01, 0x00, 0x21, 0x00, 0x11, 0x00, 0x11, 0x00,
        0x01, 0x00, 0x7f, 0xf8, 0x02, 0x08, 0x02, 0x08,
        0x02, 0x88, 0x04, 0x48, 0x04, 0x48, 0x08, 0x08,
        0x10, 0x08, 0x20, 0x08, 0x40, 0x50, 0x80, 0x20 } },  // 为
    { {0xe5, 0x93, 0xaa}, { 0x00, 0x00, 0x0f, 0xde, 0x72, 0x52, 0x52, 0x52,
        0x52, 0x54, 0x57, 0xd4, 0x52, 0x58, 0x52, 0x54,
        0x52, 0x52, 0x5f, 0xd2, 0x72, 0x52, 0x52, 0x5a,
        0x02, 0x54, 0x04, 0x50, 0x05, 0x50, 0x08, 0x90 } },  // 哪
    { {0xe9, 0x87, 0x8c}, { 0x00, 0x00, 0x3f, 0xf8, 0x21, 0x08, 0x21, 0x08,
        0x3f, 0xf8, 0x21, 0x08, 0x21, 0x08, 0x3f, 0xf8,
        0x01, 0x00, 0x01, 0x00, 0x3f, 0xf8, 0x01, 0x00,
        0x01, 0x00, 0x01, 0x00, 0xff, 0xfe, 0x00, 0x00 } },  // 里
    { {0xe8, 0xbf, 0x99}, { 0x00, 0x80, 0x20, 0x40, 0x10, 0x40, 0x17, 0xfc,
        0x00, 0x10, 0x02, 0x10, 0xf1, 0x20, 0x10, 0xa0,
        0x10, 0x40, 0x10, 0xa0, 0x11, 0x10, 0x12, 0x08,
        0x14, 0x08, 0x28, 0x00, 0x47, 0xfe, 0x00, 0x00 } },  // 这
    { {0xe9, 0x82, 0xa3}, { 0x00, 0x00, 0x7e, 0x7c, 0x12, 0x44, 0x12, 0x48,
        0x12, 0x48, 0x7e, 0x50, 0x12, 0x48, 0x12, 0x48,
        0x7e, 0x44, 0x12, 0x44, 0x12, 0x44, 0x22, 0x68,
        0x22, 0x50, 0x4a, 0x40, 0x84, 0x40, 0x00, 0x40 } },  // 那
    { {0xe8, 0xbf, 0x98}, { 0x00, 0x00, 0x23, 0xfc, 0x10, 0x20, 0x10, 0x20,
        0x00, 0x40, 0x00, 0x40, 0xf0, 0xd0, 0x11, 0x48,
        0x12, 0x44, 0x14, 0x44, 0x10, 0x40, 0x10, 0x40,
        0x10, 0x40, 0x28, 0x00, 0x47, 0xfe, 0x00, 0x00 } },  // 还
    { {0xe5, 0x90, 0xa6}, { 0x00, 0x00, 0x7f, 0xfc, 0x00, 0x80, 0x01, 0x00,
        0x03, 0x00, 0x05, 0x60, 0x09, 0x18, 0x31, 0x04,
        0xc1, 0x02, 0x00, 0x00, 0x1f, 0xf0, 0x10, 0x10,
        0x10, 0x10, 0x10, 0x10, 0x1f, 0xf0, 0x10, 0x10 } },  // 否
    { {0xe5, 0xb7, 0xb2}, { 0x00, 0x00, 0x3f, 0xf0, 0x00, 0x10, 0x00, 0x10,
        0x00, 0x10, 0x20, 0x10, 0x20, 0x10, 0x3f, 0xf0,
        0x20, 0x00, 0x20, 0x00, 0x20, 0x00, 0x20, 0x04,
        0x20, 0x04, 0x20, 0x04, 0x1f, 0xfc, 0x00, 0x00 } },  // 已
    { {0xe7, 0xbb, 0x8f}, { 0x10, 0x00, 0x11, 0xfc, 0x20, 0x08, 0x24, 0x10,
        0x44, 0x30, 0xf8, 0x48, 0x10, 0x84, 0x23, 0x02,
        0x40, 0x00, 0xfd, 0xfc, 0x40, 0x20, 0x00, 0x20,
        0x1c, 0x20, 0xe0, 0x20, 0x43, 0xfe, 0x00, 0x00 } },  // 经
    { {0xe6, 0xad, 0xa3}, { 0x00, 0x00, 0x7f, 0xfc, 0x01, 0x00, 0x01, 0x00,
        0x01, 0x00, 0x01, 0x00, 0x11, 0x00, 0x11, 0xf8,
        0x11, 0x00, 0x11, 0x00, 0x11, 0x00, 0x11, 0x00,
        0x11, 0x00, 0x11, 0x00, 0xff, 0xfe, 0x00, 0x00 } },  // 正
    { {0xe9, 0xa9, 0xac}, { 0x00, 0x00, 0x7f, 0xe0, 0x00, 0x20, 0x00, 0x20,
        0x10, 0x20, 0x10, 0x20, 0x10, 0x20, 0x1f, 0xfc,
        0x00, 0x04, 0x00, 0x04, 0x00, 0x04, 0xff, 0xe4,
        0x00, 0x04, 0x00, 0x04, 0x00, 0x28, 0x00, 0x10 } },  // 马
    { {0xe8, 0xb5, 0xb7}, { 0x08, 0x00, 0x08, 0x00, 0x08, 0xf8, 0x7e, 0x08,
        0x08, 0x08, 0x08, 0x08, 0xfe, 0xf8, 0x08, 0x88,
        0x28, 0x80, 0x28, 0x80, 0x2e, 0x84, 0x28, 0x84,
        0x28, 0x7c, 0x58, 0x00, 0x4f, 0xfe, 0x80, 0x00 } },  // 起
    { {0xe4, 0xbb, 0xac}, { 0x09, 0x00, 0x08, 0x80, 0x08, 0xbc, 0x12, 0x04,
        0x12, 0x04, 0x32, 0x04, 0x32, 0x04, 0x52, 0x04,
        0x92, 0x04, 0x12, 0x04, 0x12, 0x04, 0x12, 0x04,
        0x12, 0x04, 0x12, 0x04, 0x12, 0x14, 0x12, 0x08 } },  // 们
    { {0xe5, 0xb7, 0xb1}, { 0x00, 0x00, 0x3f, 0xf0, 0x00, 0x10, 0x00, 0x10,
        0x00, 0x10, 0x00, 0x10, 0x00, 0x10, 0x3f, 0xf0,
        0x20, 0x00, 0x20, 0x00, 0x20, 0x00, 0x20, 0x04,
        0x20, 0x04, 0x20, 0x04, 0x1f, 0xfc, 0x00, 0x00 } },  // 己
    { {0xe4, 0xb8, 0x9c}, { 0x02, 0x00, 0x02, 0x00, 0x02, 0x00, 0x7f, 0xfc,
        0x04, 0x00, 0x09, 0x00, 0x11, 0x00, 0x21, 0x00,
        0x3f, 0xf8, 0x01, 0x00, 0x09, 0x20, 0x11, 0x10,
        0x21, 0x08, 0x41, 0x04, 0x05, 0x00, 0x02, 0x00 } },  // 东
    { {0xe8, 0xa5, 0xbf}, { 0x00, 0x00, 0xff, 0xfe, 0x04, 0x40, 0x04, 0x40,
        0x04, 0x40, 0x3f, 0xf8, 0x24, 0x48, 0x24, 0x48,
        0x24, 0x48, 0x24, 0x48, 0x28, 0x38, 0x30, 0x08,
        0x20, 0x08, 0x20, 0x08, 0x3f, 0xf8, 0x20, 0x08 } },  // 西
    { {0xe4, 0xba, 0x8b}, { 0x01, 0x00, 0x01, 0x00, 0xff, 0xfe, 0x01, 0x00,
        0x3f, 0xf8, 0x21, 0x08, 0x3f, 0xf8, 0x01, 0x00,
        0x3f, 0xf8, 0x01, 0x08, 0xff, 0xfe, 0x01, 0x08,
        0x3f, 0xf8, 0x01, 0x00, 0x05, 0x00, 0x02, 0x00 } },  // 事
    { {0xe6, 0x83, 0x85}, { 0x10, 0x40, 0x10, 0x40, 0x17, 0xfc, 0x10, 0x40,
        0x1b, 0xf8, 0x54, 0x40, 0x57, 0xfe, 0x50, 0x00,
        0x93, 0xf8, 0x12, 0x08, 0x13, 0xf8, 0x12, 0x08,
        0x13, 0xf8, 0x12, 0x08, 0x12, 0x28, 0x12, 0x10 } },  // 情
    { {0xe9, 0xa2, 0x98}, { 0x00, 0x00, 0x3e, 0xfe, 0x22, 0x10, 0x3e, 0x20,
        0x22, 0x7c, 0x3e, 0x44, 0x00, 0x54, 0xff, 0x54,
        0x08, 0x54, 0x08, 0x54, 0x2f, 0x28, 0x28, 0x44,
        0x28, 0x82, 0x58, 0x00, 0x4f, 0xfe, 0x80, 0x00 } },  // 题
    { {0xe7, 0xad, 0x94}, { 0x10, 0x40, 0x10, 0x40, 0x3f, 0x7e, 0x28, 0x90,
        0x45, 0x08, 0x82, 0x80, 0x0c, 0x60, 0x30, 0x18,
        0xcf, 0xe6, 0x00, 0x00, 0x1f, 0xf0, 0x10, 0x10,
        0x10, 0x10, 0x10, 0x10, 0x1f, 0xf0, 0x10, 0x10 } },  // 答
    { {0xe6, 0xa1, 0x88}, { 0x01, 0x00, 0x7f, 0xfc, 0x40, 0x04, 0x04, 0x00,
        0xff, 0xfe, 0x08, 0x20, 0x1e, 0x40, 0x03, 0xc0,
        0x3c, 0x38, 0x01, 0x00, 0xff, 0xfe, 0x05, 0x40,
        0x09, 0x20, 0x31, 0x18, 0xc1, 0x06, 0x01, 0x00 } },  // 案
    { {0xe5, 0x8a, 0x9e}, { 0x02, 0x00, 0x02, 0x00, 0x02, 0x00, 0x02, 0x00,
        0x7f, 0xf0, 0x02, 0x10, 0x02, 0x10, 0x12, 0x18,
        0x12, 0x14, 0x24, 0x12, 0x44, 0x12, 0x08, 0x10,
        0x08, 0x10, 0x10, 0x10, 0x20, 0xa0, 0x40, 0x40 } },  // 办
    { {0xe6, 0xb3, 0x95}, { 0x00, 0x40, 0x20, 0x40, 0x10, 0x40, 0x10, 0x40,
        0x87, 0xfc, 0x40, 0x40, 0x40, 0x40, 0x10, 0x40,
        0x1f, 0xfe, 0x20, 0x40, 0xe0, 0x80, 0x21, 0x00,
        0x22, 0x10, 0x24, 0x08, 0x2f, 0xfc, 0x04, 0x04 } },  // 法
    { {0xe7, 0xbb, 0x93}, { 0x10, 0x20, 0x10, 0x20, 0x20, 0x20, 0x27, 0xfe,
        0x44, 0x20, 0xf8, 0x20, 0x11, 0xfc, 0x20, 0x00,
        0x40, 0x00, 0xfd, 0xfc, 0x41, 0x04, 0x01, 0x04,
        0x1d, 0x04, 0xe1, 0x04, 0x41, 0xfc, 0x01, 0x04 } },  // 结
    { {0xe6, 0x9e, 0x9c}, { 0x00, 0x00, 0x1f, 0xf0, 0x11, 0x10, 0x11, 0x10,
        0x1f, 0xf0, 0x11, 0x10, 0x11, 0x10, 0x1f, 0xf0,
        0x11, 0x10, 0x01, 0x00, 0xff, 0xfe, 0x05, 0x40,
        0x09, 0x20, 0x31, 0x18, 0xc1, 0x06, 0x01, 0x00 } },  // 果
    { {0xe4, 0xb8, 0xaa}, { 0x01, 0x00, 0x01, 0x00, 0x02, 0x80, 0x04, 0x40,
        0x08, 0x20, 0x10, 0x10, 0x21, 0x08, 0xc1, 0x06,
        0x01, 0x00, 0x01, 0x00, 0x01, 0x00, 0x01, 0x00,
        0x01, 0x00, 0x01, 0x00, 0x01, 0x00, 0x01, 0x00 } },  // 个
    { {0xe4, 0xb8, 0xa4}, { 0x00, 0x00, 0xff, 0xfe, 0x04, 0x40, 0x04, 0x40,
        0x04, 0x40, 0x7f, 0xfc, 0x44, 0x44, 0x44, 0x44,
        0x44, 0x44, 0x4a, 0xa4, 0x4a, 0x94, 0x51, 0x14,
        0x42, 0x04, 0x40, 0x04, 0x40, 0x14, 0x40, 0x08 } },  // 两
    { {0xe7, 0x99, 0xbe}, { 0x00, 0x00, 0xff, 0xfe, 0x01, 0x00, 0x02, 0x00,
        0x04, 0x00, 0x3f, 0xf8, 0x20, 0x08, 0x20, 0x08,
        0x20, 0x08, 0x3f, 0xf8, 0x20, 0x08, 0x20, 0x08,
        0x20, 0x08, 0x20, 0x08, 0x3f, 0xf8, 0x20, 0x08 } },  // 百
    { {0xe5, 0x8d, 0x83}, { 0x00, 0x10, 0x00, 0xf8, 0x3f, 0x00, 0x01, 0x00,
        0x01, 0x00, 0x01, 0x00, 0x01, 0x00, 0xff, 0xfe,
        0x01, 0x00, 0x01, 0x00, 0x01, 0x00, 0x01, 0x00,
        0x01, 0x00, 0x01, 0x00, 0x01, 0x00, 0x01, 0x00 } },  // 千
    { {0xe7, 0xac, 0xac}, { 0x20, 0x40, 0x3f, 0x7e, 0x48, 0x90, 0x85, 0x08,
        0x3f, 0xf8, 0x01, 0x08, 0x01, 0x08, 0x3f, 0xf8,
        0x21, 0x00, 0x21, 0x00, 0x3f, 0xfc, 0x03, 0x04,
        0x05, 0x04, 0x19, 0x28, 0xe1, 0x10, 0x01, 0x00 } },  // 第
    { {0xe5, 0xa4, 0x9a}, { 0x02, 0x00, 0x02, 0x00, 0x07, 0xf0, 0x08, 0x20,
        0x38, 0x40, 0x04, 0x80, 0x03, 0x40, 0x0c, 0x80,
        0x71, 0xf8, 0x02, 0x08, 0x0c, 0x10, 0x32, 0x20,
        0x01, 0x40, 0x01, 0x80, 0x0e, 0x00, 0x70, 0x00 } },  // 多
    { {0xe5, 0xb0, 0x91}, { 0x01, 0x00, 0x01, 0x00, 0x01, 0x00, 0x09, 0x20,
        0x09, 0x10, 0x11, 0x08, 0x11, 0x04, 0x21, 0x14,
        0x41, 0x10, 0x01, 0x20, 0x00, 0x40, 0x00, 0x80,
        0x01, 0x00, 0x02, 0x00, 0x0c, 0x00, 0x70, 0x00 } },  // 少
    { {0xe5, 0x87, 0xa0}, { 0x00, 0x00, 0x0f, 0xe0, 0x08, 0x20, 0x08, 0x20,
        0x08, 0x20, 0x08, 0x20, 0x08, 0x20, 0x08, 0x20,
        0x08, 0x20, 0x08, 0x20, 0x10, 0x20, 0x10, 0x22,
        0x20, 0x22, 0x20, 0x22, 0x40, 0x1e, 0x80, 0x00 } },  // 几
    { {0xe6, 0xad, 0xa5}, { 0x01, 0x00, 0x01, 0x00, 0x11, 0xf8, 0x11, 0x00,
        0x11, 0x00, 0x11, 0x00, 0xff, 0xfe, 0x01, 0x00,
        0x01, 0x00, 0x11, 0x08, 0x11, 0x10, 0x21, 0x20,
        0x40, 0xc0, 0x03, 0x00, 0x1c, 0x00, 0xe0, 0x00 } },  // 步
    { {0xe6, 0x9b, 0xb4}, { 0x00, 0x00, 0xff, 0xfe, 0x01, 0x00, 0x01, 0x00,
        0x3f, 0xf8, 0x21, 0x08, 0x21, 0x08, 0x3f, 0xf8,
        0x21, 0x08, 0x21, 0x08, 0x3f, 0xf8, 0x11, 0x00,
        0x0a, 0x00, 0x06, 0x00, 0x19, 0xc0, 0xe0, 0x3e } },  // 更
    { {0xe5, 0x8f, 0x88}, { 0x00, 0x00, 0x3f, 0xf0, 0x10, 0x10, 0x10, 0x10,
        0x10, 0x20, 0x08, 0x20, 0x08, 0x20, 0x04, 0x40,
        0x04, 0x40, 0x02, 0x80, 0x01, 0x00, 0x02, 0x80,
        0x04, 0x40, 0x08, 0x20, 0x30, 0x18, 0xc0, 0x06 } },  // 又
    { {0xe4, 0xb9, 0x9f}, { 0x01, 0x00, 0x01, 0x00, 0x11, 0x00, 0x11, 0x30,
        0x11, 0xd0, 0x17, 0x10, 0x39, 0x10, 0xd1, 0x10,
        0x11, 0x10, 0x11, 0x50, 0x11, 0x20, 0x11, 0x02,
        0x10, 0x02, 0x10, 0x02, 0x0f, 0xfe, 0x00, 0x00 } },  // 也
    { {0xe9, 0x83, 0xbd}, { 0x08, 0x00, 0x08, 0xbe, 0x7e, 0xa2, 0x09, 0x24,
        0x0a, 0x24, 0xff, 0xe8, 0x08, 0x24, 0x10, 0x24,
        0x3f, 0x22, 0x61, 0x22, 0xa1, 0x22, 0x3f, 0x34,
        0x21, 0x28, 0x21, 0x20, 0x3f, 0x20, 0x21, 0x20 } },  // 都
    { {0xe5, 0x8f, 0xaa}, { 0x00, 0x00, 0x1f, 0xf0, 0x10, 0x10, 0x10, 0x10,
        0x10, 0x10, 0x10, 0x10, 0x10, 0x10, 0x10, 0x10,
        0x1f, 0xf0, 0x10, 0x10, 0x00, 0x00, 0x08, 0x20,
        0x08, 0x10, 0x10, 0x08, 0x20, 0x04, 0x40, 0x04 } },  // 只
    { {0xe5, 0xb0, 0xb1}, { 0x20, 0x40, 0x10, 0x50, 0xfe, 0x48, 0x00, 0x48,
        0x00, 0x40, 0x7d, 0xfe, 0x44, 0x50, 0x44, 0x50,
        0x44, 0x50, 0x7c, 0x50, 0x10, 0x90, 0x54, 0x90,
        0x92, 0x92, 0x11, 0x12, 0x51, 0x0e, 0x22, 0x00 } },  // 就
    { {0xe8, 0xa6, 0x81}, { 0x00, 0x00, 0x7f, 0xfc, 0x04, 0x40, 0x04, 0x40,
        0x3f, 0xf8, 0x24, 0x48, 0x24, 0x48, 0x3f, 0xf8,
        0x02, 0x00, 0x7f, 0xfc, 0x04, 0x20, 0x08, 0x40,
        0x1c, 0x80, 0x03, 0x80, 0x06, 0x70, 0x38, 0x08 } },  // 要
    { {0xe6, 0x83, 0xb3}, { 0x08, 0x00, 0x08, 0xf8, 0x08, 0x88, 0x7e, 0x88,
        0x08, 0xf8, 0x18, 0x88, 0x1c, 0xf8, 0x2a, 0x88,
        0x48, 0x88, 0x08, 0xf8, 0x01, 0x00, 0x08, 0x84,
        0x48, 0x92, 0x48, 0x12, 0x87, 0xf0, 0x00, 0x00 } },  // 想
    { {0xe8, 0xae, 0xa9}, { 0x00, 0x40, 0x20, 0x40, 0x10, 0x40, 0x10, 0x40,
        0x00, 0x40, 0x00, 0x40, 0xf0, 0x7c, 0x10, 0x40,
        0x10, 0x40, 0x10, 0x40, 0x10, 0x40, 0x14, 0x40,
        0x18, 0x40, 0x10, 0x40, 0x0f, 0xfe, 0x00, 0x00 } },  // 让
    { {0xe6, 0x8a, 0x8a}, { 0x10, 0x00, 0x11, 0xfc, 0x11, 0x24, 0x11, 0x24,
        0xfd, 0x24, 0x11, 0x24, 0x11, 0x24, 0x15, 0xfc,
        0x19, 0x04, 0x31, 0x00, 0xd1, 0x00, 0x11, 0x00,
        0x11, 0x02, 0x11, 0x02, 0x50, 0xfe, 0x20, 0x00 } },  // 把
    { {0xe8, 0xa2, 0xab}, { 0x20, 0x10, 0x10, 0x10, 0x00, 0x10, 0xf9, 0xfe,
        0x09, 0x12, 0x11, 0x14, 0x15, 0x10, 0x39, 0xfc,
        0x55, 0x44, 0x91, 0x44, 0x11, 0x28, 0x11, 0x28,
        0x11, 0x10, 0x12, 0x28, 0x12, 0x44, 0x14, 0x82 } },  // 被
    { {0xe7, 0xbb, 0x99}, { 0x10, 0x40, 0x10, 0x40, 0x20, 0xa0, 0x21, 0x10,
        0x4a, 0x08, 0xf4, 0x06, 0x13, 0xf8, 0x20, 0x00,
        0x40, 0x00, 0xfb, 0xf8, 0x42, 0x08, 0x02, 0x08,
        0x1a, 0x08, 0xe2, 0x08, 0x43, 0xf8, 0x02, 0x08 } },  // 给
    { {0xe4, 0xbb, 0x8e}, { 0x08, 0x20, 0x08, 0x20, 0x08, 0x20, 0x08, 0x20,
        0x08, 0x20, 0x08, 0x20, 0x08, 0x20, 0x08, 0x20,
        0x08, 0x50, 0x14, 0x50, 0x12, 0x50, 0x12, 0x88,
        0x20, 0x88, 0x21, 0x04, 0x42, 0x04, 0x84, 0x02 } },  // 从
    { {0xe5, 0x88, 0xb0}, { 0x00, 0x04, 0xff, 0x84, 0x08, 0x04, 0x10, 0x24,
        0x22, 0x24, 0x41, 0x24, 0xff, 0xa4, 0x08, 0xa4,
        0x08, 0x24, 0x08, 0x24, 0x7f, 0x24, 0x08, 0x24,
        0x08, 0x04, 0x0f, 0x84, 0xf8, 0x14, 0x40, 0x08 } },  // 到
    { {0xe4, 0xb8, 0x8e}, { 0x10, 0x00, 0x10, 0x00, 0x10, 0x00, 0x1f, 0xfc,
        0x10, 0x00, 0x20, 0x00, 0x20, 0x00, 0x3f, 0xf8,
        0x00, 0x08, 0x00, 0x08, 0x00, 0x08, 0xff, 0xc8,
        0x00, 0x08, 0x00, 0x08, 0x00, 0x50, 0x00, 0x20 } },  // 与
    { {0xe5, 0x92, 0x8c}, { 0x04, 0x00, 0x0e, 0x00, 0x78, 0x00, 0x08, 0x7c,
        0x08, 0x44, 0xff, 0x44, 0x08, 0x44, 0x18, 0x44,
        0x1c, 0x44, 0x2a, 0x44, 0x2a, 0x44, 0x48, 0x44,
        0x88, 0x7c, 0x08, 0x44, 0x08, 0x00, 0x08, 0x00 } },  // 和
    { {0xe6, 0x88, 0x96}, { 0x00, 0x48, 0x00, 0x44, 0x00, 0x40, 0xff, 0xfe,
        0x00, 0x40, 0x00, 0x40, 0x3e, 0x44, 0x22, 0x44,
        0x22, 0x44, 0x22, 0x28, 0x3e, 0x28, 0x00, 0x12,
        0x07, 0x32, 0x78, 0x4a, 0x20, 0x86, 0x03, 0x02 } },  // 或
    { {0xe5, 0xa6, 0x82}, { 0x10, 0x00, 0x10, 0x00, 0x10, 0x00, 0x10, 0x7c,
        0xfe, 0x44, 0x22, 0x44, 0x22, 0x44, 0x22, 0x44,
        0x42, 0x44, 0x24, 0x44, 0x14, 0x44, 0x08, 0x44,
        0x14, 0x44, 0x22, 0x7c, 0x42, 0x44, 0x80, 0x00 } },  // 如
    { {0xe5, 0x9b, 0xa0}, { 0x00, 0x00, 0x7f, 0xfc, 0x40, 0x04, 0x41, 0x04,
        0x41, 0x04, 0x41, 0x04, 0x5f, 0xf4, 0x41, 0x04,
        0x42, 0x84, 0x42, 0x44, 0x44, 0x24, 0x48, 0x14,
        0x50, 0x14, 0x40, 0x04, 0x7f, 0xfc, 0x40, 0x04 } },  // 因
    { {0xe6, 0x89, 0x80}, { 0x02, 0x08, 0x07, 0x1c, 0x38, 0xe0, 0x20, 0x80,
        0x20, 0x80, 0x3e, 0x80, 0x22, 0xfe, 0x22, 0x88,
        0x22, 0x88, 0x3e, 0x88, 0x20, 0x88, 0x20, 0x88,
        0x41, 0x08, 0x41, 0x08, 0x82, 0x08, 0x04, 0x08 } },  // 所
    { {0xe4, 0xbd, 0x86}, { 0x08, 0x00, 0x08, 0x00, 0x0b, 0xfc, 0x12, 0x04,
        0x12, 0x04, 0x32, 0x04, 0x33, 0xfc, 0x52, 0x04,
        0x92, 0x04, 0x12, 0x04, 0x13, 0xfc, 0x12, 0x04,
        0x10, 0x00, 0x10, 0x00, 0x17, 0xfe, 0x10, 0x00 } },  // 但
    { {0xe7, 0x84, 0xb6}, { 0x10, 0x20, 0x10, 0x28, 0x1e, 0x24, 0x22, 0x20,
        0x33, 0xfe, 0x4a, 0x20, 0xa4, 0x50, 0x14, 0x50,
        0x08, 0x88, 0x10, 0x88, 0x21, 0x04, 0x42, 0x02,
        0x00, 0x00, 0x48, 0x88, 0x44, 0x44, 0x84, 0x44 } },  // 然
    { {0xe7, 0x9d, 0x80}, { 0x08, 0x20, 0x04, 0x40, 0x7f, 0xfc, 0x01, 0x00,
        0x3f, 0xf8, 0x02, 0x00, 0xff, 0xfe, 0x04, 0x00,
        0x0f, 0xf0, 0x18, 0x10, 0x2f, 0xf0, 0xc8, 0x10,
        0x0f, 0xf0, 0x08, 0x10, 0x0f, 0xf0, 0x08, 0x10 } },  // 着
    { {0xe4, 0xb9, 0x8b}, { 0x02, 0x00, 0x01, 0x00, 0x01, 0x00, 0x00, 0x00,
        0x7f, 0xf8, 0x00, 0x10, 0x00, 0x20, 0x00, 0x40,
        0x00, 0x80, 0x01, 0x00, 0x02, 0x00, 0x04, 0x00,
        0x18, 0x00, 0x24, 0x00, 0x43, 0xfe, 0x00, 0x00 } },  // 之
    { {0xe8, 0xbe, 0x93}, { 0x20, 0x40, 0x20, 0xa0, 0x21, 0x10, 0xfa, 0x08,
        0x25, 0xf6, 0x40, 0x00, 0x53, 0xc4, 0x92, 0x54,
        0xfa, 0x54, 0x13, 0xd4, 0x1a, 0x54, 0xf2, 0x54,
        0x53, 0xd4, 0x12, 0x44, 0x12, 0x54, 0x12, 0xc8 } },  // 输
    { {0xe5, 0x85, 0xa5}, { 0x04, 0x00, 0x02, 0x00, 0x01, 0x00, 0x01, 0x00,
        0x01, 0x00, 0x02, 0x80, 0x02, 0x80, 0x02, 0x80,
        0x04, 0x40, 0x04, 0x40, 0x08, 0x20, 0x08, 0x20,
        0x10, 0x10, 0x20, 0x10, 0x40, 0x08, 0x80, 0x06 } },  // 入
    { {0xe5, 0x8f, 0x91}, { 0x01, 0x00, 0x11, 0x10, 0x11, 0x08, 0x22, 0x00,
        0x3f, 0xfc, 0x02, 0x00, 0x04, 0x00, 0x07, 0xf8,
        0x0a, 0x08, 0x09, 0x08, 0x11, 0x10, 0x10, 0xa0,
        0x20, 0x40, 0x40, 0xa0, 0x03, 0x18, 0x1c, 0x06 } },  // 发
    { {0xe9, 0x80, 0x81}, { 0x02, 0x08, 0x21, 0x08, 0x11, 0x10, 0x17, 0xfc,
        0x00, 0x40, 0x00, 0x40, 0xf0, 0x40, 0x17, 0xfe,
        0x10, 0x40, 0x10, 0xa0, 0x10, 0x90, 0x11, 0x08,
        0x12, 0x08, 0x28, 0x00, 0x47, 0xfe, 0x00, 0x00 } },  // 送
    { {0xe6, 0x94, 0xb6}, { 0x08, 0x40, 0x08, 0x40, 0x48, 0x40, 0x48, 0x80,
        0x48, 0xfe, 0x49, 0x08, 0x4a, 0x88, 0x48, 0x88,
        0x48, 0x88, 0x58, 0x50, 0x68, 0x50, 0x48, 0x20,
        0x08, 0x50, 0x08, 0x88, 0x09, 0x04, 0x0a, 0x02 } },  // 收
    { {0xe6, 0x89, 0xa7}, { 0x10, 0x40, 0x10, 0x40, 0x10, 0x40, 0x10, 0x40,
        0xfd, 0xf8, 0x10, 0x48, 0x10, 0x48, 0x14, 0x48,
        0x19, 0x48, 0x30, 0xc8, 0xd0, 0x48, 0x10, 0xa8,
        0x10, 0xaa, 0x11, 0x0a, 0x52, 0x06, 0x24, 0x02 } },  // 执
    { {0xe5, 0xae, 0x8c}, { 0x02, 0x00, 0x01, 0x00, 0x7f, 0xfe, 0x40, 0x02,
        0x80, 0x04, 0x1f, 0xf0, 0x00, 0x00, 0x00, 0x00,
        0x7f, 0xfc, 0x04, 0x40, 0x04, 0x40, 0x04, 0x40,
        0x08, 0x44, 0x08, 0x44, 0x10, 0x44, 0x60, 0x3c } },  // 完
    { {0xe7, 0xad, 0x89}, { 0x20, 0x40, 0x3f, 0x7e, 0x48, 0x90, 0x85, 0x08,
        0x01, 0x00, 0x3f, 0xf8, 0x01, 0x00, 0x01, 0x00,
        0xff, 0xfe, 0x00, 0x00, 0x00, 0x20, 0x7f, 0xfc,
        0x08, 0x20, 0x04, 0x20, 0x04, 0xa0, 0x00, 0x40 } },  // 等
    { {0xe5, 0xbe, 0x85}, { 0x08, 0x40, 0x08, 0x40, 0x10, 0x40, 0x23, 0xfc,
        0x48, 0x40, 0x08, 0x40, 0x17, 0xfe, 0x30, 0x10,
        0x50, 0x10, 0x97, 0xfe, 0x10, 0x10, 0x12, 0x10,
        0x11, 0x10, 0x11, 0x10, 0x10, 0x50, 0x10, 0x20 } },  // 待
    { {0xe5, 0x87, 0x86}, { 0x01, 0x40, 0x41, 0x20, 0x21, 0x20, 0x23, 0xfe,
        0x02, 0x20, 0x16, 0x20, 0x1b, 0xfc, 0x12, 0x20,
        0x22, 0x20, 0x23, 0xfc, 0xe2, 0x20, 0x22, 0x20,
        0x22, 0x20, 0x23, 0xfe, 0x22, 0x00, 0x02, 0x00 } },  // 准
    { {0xe5, 0xa4, 0x87}, { 0x04, 0x00, 0x04, 0x00, 0x0f, 0xf0, 0x18, 0x20,
        0x64, 0x40, 0x03, 0x80, 0x1c, 0x70, 0xe0, 0x0e,
        0x1f, 0xf0, 0x11, 0x10, 0x11, 0x10, 0x1f, 0xf0,
        0x11, 0x10, 0x11, 0x10, 0x1f, 0xf0, 0x10, 0x10 } },  // 备
    { {0xe6, 0x96, 0xad}, { 0x04, 0x00, 0x04, 0x04, 0x55, 0x78, 0x4e, 0x40,
        0x44, 0x40, 0x7f, 0x40, 0x44, 0x7e, 0x4e, 0x48,
        0x55, 0x48, 0x65, 0x48, 0x44, 0x48, 0x44, 0x48,
        0x40, 0x48, 0x7f, 0x88, 0x00, 0x88, 0x01, 0x08 } },  // 断
    { {0xe7, 0x8a, 0xb6}, { 0x08, 0x40, 0x08, 0x48, 0x08, 0x44, 0x48, 0x44,
        0x28, 0x40, 0x2f, 0xfe, 0x08, 0x40, 0x08, 0x40,
        0x18, 0x40, 0x28, 0xa0, 0xc8, 0xa0, 0x08, 0x90,
        0x09, 0x10, 0x09, 0x08, 0x0a, 0x04, 0x0c, 0x02 } },  // 状
    { {0xe6, 0x80, 0x81}, { 0x01, 0x00, 0x01, 0x00, 0x7f, 0xfc, 0x01, 0x00,
        0x02, 0x80, 0x04, 0x40, 0x0a, 0x20, 0x31, 0x18,
        0xc0, 0x06, 0x01, 0x00, 0x08, 0x88, 0x48, 0x84,
        0x48, 0x12, 0x48, 0x12, 0x87, 0xf0, 0x00, 0x00 } },  // 态
    { {0xe7, 0x94, 0xb5}, { 0x01, 0x00, 0x01, 0x00, 0x01, 0x00, 0x3f, 0xf8,
        0x21, 0x08, 0x21, 0x08, 0x21, 0x08, 0x3f, 0xf8,
        0x21, 0x08, 0x21, 0x08, 0x21, 0x08, 0x3f, 0xf8,
        0x21, 0x0a, 0x01, 0x02, 0x01, 0x02, 0x00, 0xfe } },  // 电
    { {0xe8, 0x88, 0xb5}, { 0x08, 0x20, 0x10, 0x10, 0x3e, 0x10, 0x22, 0xfe,
        0x32, 0x82, 0x2a, 0x84, 0x2a, 0x40, 0xfe, 0x44,
        0x22, 0x48, 0x32, 0x50, 0x2a, 0x60, 0x2a, 0x42,
        0x22, 0x42, 0x42, 0x42, 0x4a, 0x3e, 0x84, 0x00 } },  // 舵
    { {0xe6, 0xb1, 0xa0}, { 0x00, 0x40, 0x20, 0x40, 0x12, 0x40, 0x12, 0x58,
        0x82, 0x68, 0x42, 0xc8, 0x53, 0x48, 0x1e, 0x48,
        0x12, 0x48, 0x22, 0x48, 0xe2, 0x58, 0x22, 0x42,
        0x22, 0x02, 0x22, 0x02, 0x21, 0xfe, 0x00, 0x00 } },  // 池
    { {0xe5, 0x8e, 0x8b}, { 0x00, 0x00, 0x3f, 0xfe, 0x20, 0x00, 0x20, 0x80,
        0x20, 0x80, 0x20, 0x80, 0x20, 0x80, 0x2f, 0xfc,
        0x20, 0x80, 0x20, 0x80, 0x20, 0x90, 0x20, 0x88,
        0x20, 0x88, 0x40, 0x80, 0x5f, 0xfe, 0x80, 0x00 } },  // 压
    { {0xe6, 0xba, 0x90}, { 0x00, 0x00, 0x27, 0xfe, 0x14, 0x20, 0x14, 0x40,
        0x85, 0xfc, 0x45, 0x04, 0x45, 0xfc, 0x15, 0x04,
        0x15, 0xfc, 0x25, 0x24, 0xe4, 0x20, 0x24, 0xa8,
        0x29, 0x24, 0x2a, 0x22, 0x30, 0xa0, 0x00, 0x40 } },  // 源
    { {0xe6, 0x84, 0x9f}, { 0x00, 0x28, 0x00, 0x24, 0x3f, 0xfe, 0x20, 0x20,
        0x2f, 0xa4, 0x20, 0x24, 0x2f, 0xa8, 0x28, 0x98,
        0x28, 0x92, 0x4f, 0xaa, 0x40, 0x46, 0x80, 0x82,
        0x01, 0x00, 0x48, 0x84, 0x48, 0x12, 0x87, 0xf2 } },  // 感
    { {0xe8, 0xb6, 0x85}, { 0x08, 0x00, 0x09, 0xfc, 0x08, 0x44, 0x7e, 0x44,
        0x08, 0x44, 0x08, 0x94, 0xff, 0x08, 0x08, 0xfc,
        0x28, 0x84, 0x28, 0x84, 0x2e, 0x84, 0x28, 0xfc,
        0x28, 0x00, 0x58, 0x00, 0x4f, 0xfe, 0x80, 0x00 } },  // 超
    { {0xe5, 0xa3, 0xb0}, { 0x01, 0x00, 0x01, 0x00, 0xff, 0xfe, 0x01, 0x00,
        0x7f, 0xfc, 0x00, 0x00, 0x3f, 0xf8, 0x21, 0x08,
        0x21, 0x08, 0x3f, 0xf8, 0x20, 0x00, 0x20, 0x00,
        0x20, 0x00, 0x40, 0x00, 0x40, 0x00, 0x80, 0x00 } },  // 声
    { {0xe6, 0xb3, 0xa2}, { 0x00, 0x20, 0x20, 0x20, 0x10, 0x20, 0x13, 0xfe,
        0x82, 0x22, 0x42, 0x24, 0x4a, 0x20, 0x0b, 0xfc,
        0x12, 0x84, 0x12, 0x88, 0xe2, 0x48, 0x22, 0x50,
        0x22, 0x20, 0x24, 0x50, 0x24, 0x88, 0x09, 0x06 } },  // 波
    { {0xe5, 0xb9, 0x95}, { 0x04, 0x40, 0x7f, 0xfc, 0x04, 0x40, 0x1f, 0xf0,
        0x10, 0x10, 0x1f, 0xf0, 0x10, 0x10, 0x1f, 0xf0,
        0x04, 0x00, 0xff, 0xfe, 0x11, 0x10, 0x3f, 0xf8,
        0xd1, 0x16, 0x11, 0x50, 0x11, 0x20, 0x01, 0x00 } },  // 幕
    { {0xe6, 0x91, 0x84}, { 0x10, 0x00, 0x13, 0xfc, 0x11, 0x08, 0x11, 0xf8,
        0xfd, 0x08, 0x11, 0xf8, 0x11, 0x0e, 0x17, 0xf8,
        0x18, 0x08, 0x37, 0xbc, 0xd0, 0xa4, 0x12, 0xa4,
        0x11, 0x28, 0x12, 0x90, 0x54, 0xa8, 0x28, 0x46 } },  // 摄
    { {0xe5, 0x83, 0x8f}, { 0x09, 0x00, 0x09, 0xf0, 0x0a, 0x10, 0x17, 0xfc,
        0x1a, 0x24, 0x32, 0x44, 0x33, 0xfc, 0x50, 0x80,
        0x91, 0x44, 0x16, 0xa8, 0x11, 0x30, 0x16, 0x68,
        0x10, 0xa8, 0x11, 0x24, 0x16, 0xa2, 0x10, 0x40 } },  // 像
    { {0xe5, 0xa4, 0xb4}, { 0x00, 0x80, 0x00, 0x80, 0x08, 0x80, 0x04, 0x80,
        0x24, 0x80, 0x10, 0x80, 0x10, 0x80, 0x00, 0x80,
        0xff, 0xfe, 0x01, 0x00, 0x01, 0x40, 0x02, 0x20,
        0x04, 0x10, 0x08, 0x08, 0x30, 0x04, 0xc0, 0x04 } },  // 头
    { {0xe7, 0x81, 0xaf}, { 0x10, 0x00, 0x10, 0x00, 0x13, 0xfe, 0x10, 0x20,
        0x54, 0x20, 0x58, 0x20, 0x50, 0x20, 0x90, 0x20,
        0x10, 0x20, 0x10, 0x20, 0x10, 0x20, 0x28, 0x20,
        0x24, 0x20, 0x44, 0x20, 0x40, 0xa0, 0x80, 0x40 } },  // 灯
    { {0xe5, 0x85, 0x89}, { 0x01, 0x00, 0x21, 0x08, 0x11, 0x08, 0x09, 0x10,
        0x09, 0x20, 0x01, 0x00, 0xff, 0xfe, 0x04, 0x40,
        0x04, 0x40, 0x04, 0x40, 0x04, 0x40, 0x08, 0x42,
        0x08, 0x42, 0x10, 0x42, 0x20, 0x3e, 0xc0, 0x00 } },  // 光
    { {0xe9, 0x9f, 0xb3}, { 0x02, 0x00, 0x01, 0x00, 0x3f, 0xf8, 0x00, 0x00,
        0x08, 0x20, 0x04, 0x40, 0xff, 0xfe, 0x00, 0x00,
        0x1f, 0xf0, 0x10, 0x10, 0x10, 0x10, 0x1f, 0xf0,
        0x10, 0x10, 0x10, 0x10, 0x1f, 0xf0, 0x10, 0x10 } },  // 音
    { {0xe8, 0x9c, 0x82}, { 0x10, 0x40, 0x10, 0x40, 0x10, 0xfc, 0x7c, 0x88,
        0x55, 0x50, 0x54, 0x20, 0x54, 0xd8, 0x57, 0x26,
        0x7c, 0xf8, 0x50, 0x20, 0x10, 0xf8, 0x14, 0x20,
        0x1f, 0xfe, 0xe4, 0x20, 0x40, 0x20, 0x00, 0x20 } },  // 蜂
    { {0xe9, 0xb8, 0xa3}, { 0x00, 0x20, 0x00, 0x40, 0x79, 0xfc, 0x49, 0x04,
        0x49, 0x44, 0x49, 0x24, 0x49, 0x24, 0x49, 0x0c,
        0x49, 0x00, 0x49, 0xfe, 0x78, 0x02, 0x48, 0x02,
        0x03, 0xfa, 0x00, 0x02, 0x00, 0x14, 0x00, 0x08 } },  // 鸣
    { {0xe6, 0x8c, 0x89}, { 0x10, 0x40, 0x10, 0x20, 0x10, 0x20, 0x13, 0xfe,
        0xfa, 0x02, 0x14, 0x44, 0x10, 0x40, 0x1b, 0xfe,
        0x30, 0x88, 0xd0, 0x88, 0x11, 0x08, 0x10, 0xd0,
        0x10, 0x20, 0x10, 0x50, 0x50, 0x88, 0x23, 0x04 } },  // 按
    { {0xe9, 0x92, 0xae}, { 0x10, 0x00, 0x11, 0xf8, 0x3c, 0x48, 0x20, 0x48,
        0x40, 0x48, 0xbc, 0x48, 0x10, 0x48, 0x11, 0xf8,
        0xfc, 0x88, 0x10, 0x88, 0x10, 0x88, 0x10, 0x88,
        0x14, 0x88, 0x18, 0x88, 0x13, 0xfe, 0x00, 0x00 } },  // 钮
    { {0xe5, 0xbc, 0x95}, { 0x00, 0x08, 0x7f, 0x08, 0x01, 0x08, 0x01, 0x08,
        0x01, 0x08, 0x3f, 0x08, 0x20, 0x08, 0x20, 0x08,
        0x40, 0x08, 0x7f, 0x08, 0x01, 0x08, 0x01, 0x08,
        0x01, 0x08, 0x01, 0x08, 0x0a, 0x08, 0x04, 0x08 } },  // 引
    { {0xe8, 0x84, 0x9a}, { 0x01, 0x00, 0x79, 0x00, 0x49, 0x1e, 0x4b, 0x92,
        0x49, 0x12, 0x79, 0x12, 0x49, 0x12, 0x4f, 0xd2,
        0x49, 0x12, 0x79, 0x12, 0x4a, 0x1a, 0x4a, 0x94,
        0x4f, 0xd0, 0x4a, 0x50, 0x48, 0x10, 0x98, 0x10 } },  // 脚
    { {0xe4, 0xbe, 0xa7}, { 0x10, 0x04, 0x17, 0xc4, 0x14, 0x44, 0x24, 0x54,
        0x25, 0x54, 0x65, 0x54, 0x65, 0x54, 0xa5, 0x54,
        0x25, 0x54, 0x25, 0x54, 0x25, 0x54, 0x21, 0x04,
        0x22, 0x84, 0x22, 0x44, 0x24, 0x14, 0x28, 0x08 } },  // 侧
    { {0xe5, 0x8e, 0x9f}, { 0x00, 0x00, 0x3f, 0xfe, 0x20, 0x80, 0x21, 0x00,
        0x27, 0xf0, 0x24, 0x10, 0x24, 0x10, 0x27, 0xf0,
        0x24, 0x10, 0x24, 0x10, 0x27, 0xf0, 0x20, 0x80,
        0x24, 0x90, 0x48, 0x88, 0x52, 0x84, 0x81, 0x00 } },  // 原
    { {0xe6, 0xa8, 0xaa}, { 0x10, 0x88, 0x10, 0x88, 0x11, 0xfc, 0x10, 0x88,
        0xfc, 0x88, 0x13, 0xfe, 0x30, 0x20, 0x39, 0xfc,
        0x55, 0x24, 0x55, 0xfc, 0x91, 0x24, 0x11, 0xfc,
        0x10, 0x00, 0x10, 0x88, 0x11, 0x04, 0x12, 0x02 } },  // 横
    { {0xe7, 0xa7, 0xbb}, { 0x08, 0x20, 0x1c, 0x20, 0xf0, 0x7c, 0x10, 0x84,
        0x11, 0x48, 0xfc, 0x30, 0x10, 0x20, 0x30, 0x48,
        0x39, 0x90, 0x54, 0x3e, 0x54, 0x42, 0x91, 0xa4,
        0x10, 0x18, 0x10, 0x10, 0x10, 0x60, 0x11, 0x80 } },  // 移
    { {0xe6, 0x97, 0x8b}, { 0x20, 0x80, 0x10, 0x80, 0x10, 0xfe, 0x01, 0x00,
        0xfe, 0x00, 0x21, 0xfc, 0x20, 0x24, 0x3c, 0x24,
        0x24, 0xa0, 0x24, 0xa0, 0x24, 0xbc, 0x24, 0xa0,
        0x24, 0xa0, 0x45, 0x60, 0x55, 0x3e, 0x8a, 0x00 } },  // 旋
    { {0xe5, 0x9b, 0x9e}, { 0x00, 0x00, 0x3f, 0xf8, 0x20, 0x08, 0x20, 0x08,
        0x27, 0xc8, 0x24, 0x48, 0x24, 0x48, 0x24, 0x48,
        0x24, 0x48, 0x24, 0x48, 0x27, 0xc8, 0x20, 0x08,
        0x20, 0x08, 0x3f, 0xf8, 0x20, 0x08, 0x00, 0x00 } },  // 回
    { {0xe5, 0xbd, 0x92}, { 0x08, 0x00, 0x08, 0x00, 0x4b, 0xfc, 0x48, 0x04,
        0x48, 0x04, 0x48, 0x04, 0x48, 0x04, 0x49, 0xfc,
        0x48, 0x04, 0x48, 0x04, 0x48, 0x04, 0x08, 0x04,
        0x10, 0x04, 0x13, 0xfc, 0x20, 0x04, 0x40, 0x00 } },  // 归
    { {0xe9, 0xbb, 0x98}, { 0x00, 0x20, 0xfe, 0x28, 0x92, 0x24, 0xd6, 0x24,
        0xba, 0x20, 0x93, 0xfe, 0xfe, 0x20, 0x10, 0x20,
        0xfe, 0x20, 0x10, 0x50, 0x1e, 0x50, 0xe0, 0x50,
        0x02, 0x88, 0xaa, 0x88, 0xa9, 0x04, 0x82, 0x02 } },  // 默
    { {0xe8, 0xae, 0xa4}, { 0x00, 0x40, 0x20, 0x40, 0x10, 0x40, 0x10, 0x40,
        0x00, 0x40, 0x00, 0x40, 0xf0, 0x40, 0x10, 0x40,
        0x10, 0xa0, 0x10, 0xa0, 0x10, 0xa0, 0x15, 0x10,
        0x19, 0x10, 0x12, 0x08, 0x04, 0x04, 0x08, 0x02 } },  // 认
    { {0xe6, 0xa8, 0xa1}, { 0x11, 0x10, 0x11, 0x10, 0x17, 0xfc, 0x11, 0x10,
        0xfc, 0x00, 0x13, 0xf8, 0x32, 0x08, 0x3b, 0xf8,
        0x56, 0x08, 0x53, 0xf8, 0x90, 0x40, 0x17, 0xfc,
        0x10, 0xa0, 0x11, 0x10, 0x12, 0x08, 0x14, 0x06 } },  // 模
    { {0xe5, 0xbc, 0x8f}, { 0x00, 0x48, 0x00, 0x44, 0x00, 0x44, 0x00, 0x40,
        0xff, 0xfe, 0x00, 0x40, 0x00, 0x40, 0x3e, 0x40,
        0x08, 0x40, 0x08, 0x40, 0x08, 0x20, 0x08, 0x22,
        0x0f, 0x12, 0x78, 0x0a, 0x20, 0x06, 0x00, 0x02 } },  // 式
    { {0xe4, 0xb8, 0x87}, { 0x00, 0x00, 0x00, 0x00, 0xff, 0xfe, 0x04, 0x00,
        0x04, 0x00, 0x04, 0x00, 0x07, 0xf0, 0x04, 0x10,
        0x04, 0x10, 0x08, 0x10, 0x08, 0x10, 0x10, 0x10,
        0x10, 0x10, 0x20, 0x10, 0x40, 0xa0, 0x80, 0x40 } },  // 万
    { {0xe5, 0xb2, 0xa9}, { 0x01, 0x00, 0x21, 0x08, 0x21, 0x08, 0x21, 0x08,
        0x3f, 0xf8, 0x00, 0x00, 0x00, 0x00, 0x7f, 0xfc,
        0x04, 0x00, 0x04, 0x00, 0x0f, 0xf8, 0x18, 0x08,
        0x28, 0x08, 0xc8, 0x08, 0x0f, 0xf8, 0x08, 0x08 } },  // 岩
    { {0xe7, 0x88, 0xaa}, { 0x00, 0x10, 0x00, 0xf8, 0x1f, 0x20, 0x12, 0x20,
        0x12, 0x20, 0x12, 0x20, 0x12, 0x20, 0x12, 0x20,
        0x12, 0x20, 0x12, 0x10, 0x12, 0x10, 0x22, 0x10,
        0x22, 0x08, 0x42, 0x08, 0x42, 0x04, 0x80, 0x02 } },  // 爪
    { {0xe6, 0x8b, 0x93}, { 0x10, 0x00, 0x10, 0x00, 0x13, 0xfe, 0x10, 0x20,
        0xfc, 0x20, 0x10, 0x40, 0x10, 0x40, 0x14, 0xfc,
        0x19, 0x84, 0x32, 0x84, 0xd4, 0x84, 0x10, 0x84,
        0x10, 0x84, 0x10, 0x84, 0x50, 0xfc, 0x20, 0x84 } },  // 拓
    { {0xe7, 0x95, 0x8c}, { 0x00, 0x00, 0x1f, 0xf0, 0x11, 0x10, 0x11, 0x10,
        0x1f, 0xf0, 0x11, 0x10, 0x11, 0x10, 0x1f, 0xf0,
        0x02, 0x80, 0x0c, 0x60, 0x34, 0x58, 0xc4, 0x46,
        0x04, 0x40, 0x08, 0x40, 0x08, 0x40, 0x10, 0x40 } },  // 界
    { {0xe6, 0x8d, 0xb7}, { 0x20, 0x40, 0x20, 0x40, 0x27, 0xfe, 0x20, 0x40,
        0xfb, 0xf8, 0x20, 0x48, 0x27, 0xfe, 0x28, 0x48,
        0x33, 0xf8, 0xe0, 0x40, 0x22, 0x40, 0x22, 0x7c,
        0x22, 0x40, 0x25, 0x40, 0xa4, 0xfe, 0x48, 0x00 } },  // 捷
    { {0xe5, 0xb7, 0xa1}, { 0x00, 0x00, 0x21, 0x24, 0x11, 0x24, 0x11, 0x24,
        0x02, 0x48, 0x02, 0x48, 0xf4, 0x90, 0x12, 0x48,
        0x12, 0x48, 0x11, 0x24, 0x11, 0x24, 0x11, 0x24,
        0x10, 0x00, 0x28, 0x00, 0x47, 0xfe, 0x00, 0x00 } },  // 巡
    { {0xe6, 0xb8, 0xa1}, { 0x00, 0x40, 0x20, 0x20, 0x17, 0xfe, 0x14, 0x88,
        0x84, 0x88, 0x47, 0xfe, 0x44, 0x88, 0x14, 0xf8,
        0x14, 0x00, 0x25, 0xfc, 0xe4, 0x84, 0x24, 0x88,
        0x24, 0x50, 0x28, 0x20, 0x28, 0xd8, 0x13, 0x06 } },  // 渡
    { {0xe7, 0xa0, 0xba}, { 0x00, 0x00, 0x01, 0xfe, 0xfd, 0x00, 0x11, 0x00,
        0x11, 0x00, 0x21, 0xfe, 0x3d, 0x20, 0x65, 0x20,
        0x65, 0x3c, 0xa5, 0x24, 0x25, 0x24, 0x25, 0x24,
        0x3d, 0x24, 0x22, 0x44, 0x02, 0x54, 0x04, 0x88 } },  // 砺
    { {0xe9, 0x80, 0x94}, { 0x00, 0x40, 0x20, 0xa0, 0x11, 0x10, 0x12, 0x08,
        0x05, 0xf6, 0x00, 0x40, 0xf0, 0x40, 0x17, 0xfc,
        0x10, 0x40, 0x12, 0x48, 0x12, 0x44, 0x14, 0x44,
        0x11, 0x40, 0x28, 0x80, 0x47, 0xfe, 0x00, 0x00 } },  // 途
    { {0xe8, 0xbf, 0xb9}, { 0x00, 0x40, 0x20, 0x20, 0x10, 0x20, 0x17, 0xfe,
        0x00, 0x90, 0x00, 0x90, 0xf2, 0x94, 0x12, 0x92,
        0x14, 0x92, 0x11, 0x10, 0x11, 0x10, 0x12, 0x50,
        0x14, 0x20, 0x28, 0x00, 0x47, 0xfe, 0x00, 0x00 } },  // 迹
    { {0xe8, 0xa1, 0xa1}, { 0x12, 0x00, 0x13, 0xc0, 0x24, 0x4e, 0x48, 0x80,
        0x87, 0xc0, 0x15, 0x40, 0x25, 0x5e, 0x67, 0xc4,
        0xa5, 0x44, 0x25, 0x44, 0x27, 0xc4, 0x21, 0x04,
        0x2f, 0xe4, 0x21, 0x04, 0x22, 0x94, 0x24, 0x48 } },  // 衡
    { {0xe8, 0xb5, 0xa4}, { 0x01, 0x00, 0x01, 0x00, 0x01, 0x00, 0x3f, 0xf8,
        0x01, 0x00, 0x01, 0x00, 0xff, 0xfe, 0x04, 0x40,
        0x04, 0x40, 0x24, 0x48, 0x24, 0x44, 0x44, 0x42,
        0x88, 0x42, 0x08, 0x40, 0x11, 0x40, 0x20, 0x80 } },  // 赤
    { {0xe9, 0xa3, 0x8e}, { 0x00, 0x00, 0x3f, 0xf0, 0x20, 0x10, 0x20, 0x10,
        0x28, 0x50, 0x24, 0x50, 0x22, 0x90, 0x22, 0x90,
        0x21, 0x10, 0x21, 0x10, 0x22, 0x90, 0x22, 0x92,
        0x24, 0x4a, 0x48, 0x4a, 0x40, 0x06, 0x80, 0x02 } },  // 风
    { {0xe9, 0xa9, 0xb0}, { 0x00, 0x20, 0xf8, 0x20, 0x08, 0x20, 0x49, 0x20,
        0x49, 0x2c, 0x49, 0x34, 0x49, 0x64, 0x7f, 0xa4,
        0x05, 0x24, 0x05, 0x34, 0x1d, 0x28, 0xe5, 0x22,
        0x45, 0x22, 0x05, 0x02, 0x28, 0xfe, 0x10, 0x00 } },  // 驰
    { {0xe5, 0xb0, 0x8f}, { 0x01, 0x00, 0x01, 0x00, 0x01, 0x00, 0x01, 0x00,
        0x01, 0x00, 0x11, 0x10, 0x11, 0x08, 0x11, 0x04,
        0x21, 0x04, 0x21, 0x02, 0x41, 0x02, 0x81, 0x02,
        0x01, 0x00, 0x01, 0x00, 0x05, 0x00, 0x02, 0x00 } },  // 小
    { {0xe8, 0xbd, 0xa6}, { 0x02, 0x00, 0x02, 0x00, 0x02, 0x00, 0x7f, 0xfc,
        0x04, 0x00, 0x09, 0x00, 0x11, 0x00, 0x21, 0x00,
        0x3f, 0xf8, 0x01, 0x00, 0x01, 0x00, 0xff, 0xfe,
        0x01, 0x00, 0x01, 0x00, 0x01, 0x00, 0x01, 0x00 } },  // 车
    { {0xe8, 0xb6, 0xb3}, { 0x00, 0x00, 0x1f, 0xf0, 0x10, 0x10, 0x10, 0x10,
        0x10, 0x10, 0x10, 0x10, 0x1f, 0xf0, 0x01, 0x00,
        0x01, 0x00, 0x11, 0x00, 0x11, 0xf8, 0x11, 0x00,
        0x29, 0x00, 0x25, 0x00, 0x43, 0xfe, 0x80, 0x00 } },  // 足
    { {0xe6, 0x99, 0xba}, { 0x20, 0x00, 0x3e, 0x7c, 0x48, 0x44, 0x08, 0x44,
        0xff, 0x44, 0x14, 0x44, 0x22, 0x7c, 0x40, 0x00,
        0x1f, 0xf0, 0x10, 0x10, 0x10, 0x10, 0x1f, 0xf0,
        0x10, 0x10, 0x10, 0x10, 0x1f, 0xf0, 0x10, 0x10 } },  // 智
    { {0xe8, 0xb6, 0x8a}, { 0x10, 0x28, 0x10, 0x24, 0x10, 0x20, 0x7d, 0xfc,
        0x11, 0x20, 0x11, 0x24, 0xfd, 0x24, 0x11, 0x28,
        0x11, 0x28, 0x51, 0x10, 0x5d, 0x94, 0x51, 0x2c,
        0x70, 0x44, 0x50, 0x00, 0x4f, 0xfe, 0x80, 0x00 } },  // 越
    { {0xe9, 0x87, 0x8e}, { 0x00, 0x00, 0x7f, 0x7c, 0x49, 0x04, 0x49, 0x28,
        0x7f, 0x10, 0x49, 0x08, 0x49, 0x7e, 0x7f, 0x12,
        0x08, 0x14, 0x08, 0x10, 0x7f, 0x10, 0x08, 0x10,
        0x08, 0x10, 0x0f, 0x10, 0xf0, 0x50, 0x40, 0x20 } },  // 野
    { {0xe8, 0xbd, 0xae}, { 0x20, 0x40, 0x20, 0x40, 0x20, 0xa0, 0xfc, 0xa0,
        0x41, 0x10, 0x52, 0x08, 0x94, 0x06, 0xfd, 0x10,
        0x11, 0x20, 0x11, 0x40, 0x1d, 0x80, 0xf1, 0x00,
        0x51, 0x04, 0x11, 0x04, 0x10, 0xfc, 0x10, 0x00 } },  // 轮
    { {0xe5, 0xbd, 0xa2}, { 0x00, 0x00, 0x7f, 0x84, 0x12, 0x04, 0x12, 0x08,
        0x12, 0x10, 0x12, 0x22, 0x12, 0x02, 0xff, 0xc4,
        0x12, 0x08, 0x12, 0x10, 0x12, 0x22, 0x12, 0x02,
        0x22, 0x04, 0x22, 0x08, 0x42, 0x10, 0x82, 0x60 } },  // 形
    { {0xe6, 0xa2, 0xb0}, { 0x10, 0x10, 0x10, 0x14, 0x10, 0x12, 0x10, 0x10,
        0xfb, 0xfe, 0x10, 0x10, 0x31, 0x50, 0x39, 0x54,
        0x57, 0xf4, 0x51, 0x54, 0x91, 0x54, 0x11, 0x48,
        0x12, 0x4a, 0x12, 0x5a, 0x14, 0x26, 0x10, 0x42 } },  // 械
    { {0xe8, 0x87, 0x82}, { 0x3e, 0x10, 0x22, 0xfe, 0x3e, 0x44, 0x20, 0x28,
        0x7e, 0xfe, 0xa2, 0x10, 0x3e, 0xfc, 0x22, 0x10,
        0x00, 0x00, 0x1f, 0xf0, 0x10, 0x10, 0x1f, 0xf0,
        0x10, 0x10, 0x1f, 0xf0, 0x10, 0x10, 0x10, 0x30 } },  // 臂
    { {0xe7, 0x81, 0xab}, { 0x01, 0x00, 0x01, 0x00, 0x01, 0x00, 0x11, 0x08,
        0x11, 0x08, 0x11, 0x10, 0x21, 0x20, 0x21, 0x00,
        0x42, 0x80, 0x02, 0x80, 0x04, 0x40, 0x04, 0x40,
        0x08, 0x20, 0x10, 0x10, 0x20, 0x08, 0xc0, 0x06 } },  // 火
    { {0xe6, 0x82, 0xac}, { 0x1f, 0xf0, 0x10, 0x10, 0x1f, 0xf0, 0x10, 0x10,
        0x1f, 0xf0, 0x10, 0x10, 0xff, 0xfe, 0x08, 0x20,
        0x10, 0x10, 0x3f, 0xf8, 0x10, 0x08, 0x01, 0x00,
        0x28, 0x88, 0x28, 0xa4, 0x48, 0x24, 0x07, 0xe0 } },  // 悬
    { {0xe6, 0x8c, 0x82}, { 0x10, 0x20, 0x10, 0x20, 0x11, 0xfc, 0x10, 0x20,
        0xfc, 0x20, 0x10, 0x20, 0x13, 0xfe, 0x10, 0x00,
        0x18, 0x20, 0x30, 0x20, 0xd1, 0xfc, 0x10, 0x20,
        0x10, 0x20, 0x10, 0x20, 0x53, 0xfe, 0x20, 0x00 } },  // 挂
    { {0xe6, 0x9d, 0xbf}, { 0x10, 0x08, 0x10, 0x1c, 0x11, 0xe0, 0x11, 0x00,
        0xfd, 0x00, 0x11, 0xfc, 0x31, 0x44, 0x39, 0x44,
        0x55, 0x44, 0x55, 0x28, 0x91, 0x28, 0x11, 0x10,
        0x11, 0x10, 0x12, 0x28, 0x12, 0x44, 0x14, 0x82 } },  // 板
    { {0xe8, 0x8a, 0xaf}, { 0x08, 0x20, 0x08, 0x20, 0xff, 0xfe, 0x08, 0x20,
        0x08, 0x20, 0x02, 0x00, 0x01, 0x00, 0x00, 0x80,
        0x04, 0x08, 0x24, 0x04, 0x24, 0x02, 0x44, 0x02,
        0x84, 0x10, 0x04, 0x10, 0x03, 0xf0, 0x00, 0x00 } },  // 芯
    { {0xe7, 0x89, 0x87}, { 0x00, 0x40, 0x10, 0x40, 0x10, 0x40, 0x10, 0x40,
        0x10, 0x40, 0x1f, 0xfc, 0x10, 0x00, 0x10, 0x00,
        0x10, 0x00, 0x1f, 0xe0, 0x10, 0x20, 0x10, 0x20,
        0x10, 0x20, 0x20, 0x20, 0x20, 0x20, 0x40, 0x20 } },  // 片
    { {0xe5, 0xaf, 0xbc}, { 0x00, 0x00, 0x3f, 0xf0, 0x20, 0x10, 0x20, 0x10,
        0x3f, 0xf0, 0x20, 0x04, 0x20, 0x04, 0x1f, 0xfc,
        0x00, 0x20, 0x00, 0x20, 0xff, 0xfe, 0x08, 0x20,
        0x04, 0x20, 0x04, 0x20, 0x00, 0xa0, 0x00, 0x40 } },  // 导
    { {0xe4, 0xb9, 0xa0}, { 0x00, 0x00, 0x7f, 0xf8, 0x00, 0x08, 0x00, 0x08,
        0x08, 0x08, 0x04, 0x08, 0x02, 0x08, 0x02, 0x08,
        0x00, 0x68, 0x01, 0x88, 0x0e, 0x08, 0x70, 0x08,
        0x20, 0x08, 0x00, 0x08, 0x00, 0x50, 0x00, 0x20 } },  // 习
    { {0xe5, 0x88, 0x9b}, { 0x08, 0x04, 0x08, 0x04, 0x14, 0x04, 0x12, 0x24,
        0x21, 0x24, 0x40, 0xa4, 0xbe, 0x24, 0x22, 0x24,
        0x22, 0x24, 0x22, 0x24, 0x2a, 0x24, 0x24, 0x24,
        0x20, 0x84, 0x20, 0x84, 0x1f, 0x94, 0x00, 0x08 } },  // 创
    { {0xe6, 0x84, 0x8f}, { 0x01, 0x00, 0x3f, 0xf8, 0x08, 0x20, 0x04, 0x40,
        0xff, 0xfe, 0x00, 0x00, 0x1f, 0xf0, 0x10, 0x10,
        0x1f, 0xf0, 0x10, 0x10, 0x1f, 0xf0, 0x02, 0x00,
        0x51, 0x04, 0x51, 0x12, 0x90, 0x12, 0x0f, 0xf0 } },  // 意
    { {0xe7, 0xba, 0xa2}, { 0x10, 0x00, 0x10, 0x00, 0x21, 0xfc, 0x24, 0x20,
        0x44, 0x20, 0xf8, 0x20, 0x10, 0x20, 0x20, 0x20,
        0x40, 0x20, 0xfc, 0x20, 0x40, 0x20, 0x00, 0x20,
        0x1c, 0x20, 0xe0, 0x20, 0x43, 0xfe, 0x00, 0x00 } },  // 红
    { {0xe6, 0xa9, 0x99}, { 0x10, 0x20, 0x17, 0xa4, 0x10, 0xa8, 0x12, 0x92,
        0xf9, 0x14, 0x12, 0x08, 0x35, 0xf4, 0x38, 0x02,
        0x57, 0xf8, 0x52, 0x08, 0x92, 0x08, 0x13, 0xf8,
        0x12, 0x08, 0x11, 0x10, 0x1f, 0xfe, 0x10, 0x00 } },  // 橙
    { {0xe9, 0xbb, 0x84}, { 0x04, 0x40, 0x3f, 0xf8, 0x04, 0x40, 0x04, 0x40,
        0xff, 0xfe, 0x01, 0x00, 0x1f, 0xf0, 0x11, 0x10,
        0x11, 0x10, 0x1f, 0xf0, 0x11, 0x10, 0x11, 0x10,
        0x1f, 0xf0, 0x04, 0x40, 0x08, 0x20, 0x10, 0x10 } },  // 黄
    { {0xe7, 0xbb, 0xbf}, { 0x10, 0x00, 0x11, 0xf8, 0x20, 0x08, 0x20, 0x08,
        0x49, 0xf8, 0xf8, 0x08, 0x10, 0x08, 0x23, 0xfe,
        0x40, 0x20, 0xfa, 0x22, 0x41, 0x74, 0x00, 0xa8,
        0x19, 0x24, 0xe2, 0x22, 0x40, 0xa0, 0x00, 0x40 } },  // 绿
    { {0xe9, 0x9d, 0x92}, { 0x01, 0x00, 0x01, 0x00, 0x7f, 0xfc, 0x01, 0x00,
        0x3f, 0xf8, 0x01, 0x00, 0xff, 0xfe, 0x00, 0x00,
        0x1f, 0xf0, 0x10, 0x10, 0x1f, 0xf0, 0x10, 0x10,
        0x1f, 0xf0, 0x10, 0x10, 0x10, 0x50, 0x10, 0x20 } },  // 青
    { {0xe8, 0x93, 0x9d}, { 0x08, 0x20, 0x08, 0x20, 0xff, 0xfe, 0x08, 0x20,
        0x04, 0x80, 0x24, 0x80, 0x24, 0xfc, 0x24, 0xa0,
        0x25, 0x10, 0x00, 0x00, 0x3f, 0xf8, 0x24, 0x48,
        0x24, 0x48, 0x24, 0x48, 0xff, 0xfe, 0x00, 0x00 } },  // 蓝
    { {0xe7, 0xb4, 0xab}, { 0x08, 0x80, 0x28, 0x88, 0x2e, 0xf0, 0x28, 0x84,
        0x2e, 0x84, 0xf0, 0x7c, 0x02, 0x00, 0x04, 0x20,
        0x1f, 0xc0, 0x01, 0x80, 0x06, 0x10, 0x3f, 0xf8,
        0x01, 0x08, 0x11, 0x20, 0x25, 0x10, 0x42, 0x08 } },  // 紫
    { {0xe9, 0xbb, 0x91}, { 0x00, 0x00, 0x3f, 0xf8, 0x21, 0x08, 0x29, 0x28,
        0x25, 0x48, 0x3f, 0xf8, 0x01, 0x00, 0x01, 0x00,
        0x3f, 0xf8, 0x01, 0x00, 0x01, 0x00, 0xff, 0xfe,
        0x00, 0x00, 0x48, 0x88, 0x44, 0x44, 0x84, 0x44 } },  // 黑
    { {0xe7, 0x99, 0xbd}, { 0x01, 0x00, 0x02, 0x00, 0x04, 0x00, 0x3f, 0xf8,
        0x20, 0x08, 0x20, 0x08, 0x20, 0x08, 0x20, 0x08,
        0x3f, 0xf8, 0x20, 0x08, 0x20, 0x08, 0x20, 0x08,
        0x20, 0x08, 0x20, 0x08, 0x3f, 0xf8, 0x20, 0x08 } },  // 白
    { {0xe7, 0x81, 0xb0}, { 0x04, 0x00, 0x04, 0x00, 0x04, 0x00, 0xff, 0xfe,
        0x08, 0x00, 0x08, 0x80, 0x08, 0x84, 0x12, 0x84,
        0x12, 0x88, 0x24, 0x90, 0x29, 0x40, 0x41, 0x40,
        0x82, 0x20, 0x04, 0x10, 0x18, 0x08, 0x60, 0x06 } },  // 灰
    { {0xe9, 0xa2, 0x9c}, { 0x10, 0x00, 0x08, 0xfe, 0x7f, 0x10, 0x22, 0x20,
        0x14, 0x7c, 0x7f, 0x44, 0x44, 0x54, 0x48, 0x54,
        0x52, 0x54, 0x44, 0x54, 0x48, 0x54, 0x51, 0x54,
        0x42, 0x28, 0x44, 0x24, 0x88, 0x42, 0x30, 0x82 } },  // 颜
    { {0xe8, 0x89, 0xb2}, { 0x08, 0x00, 0x08, 0x00, 0x1f, 0xe0, 0x20, 0x20,
        0x40, 0x40, 0xbf, 0xf8, 0x21, 0x08, 0x21, 0x08,
        0x21, 0x08, 0x3f, 0xf8, 0x20, 0x00, 0x20, 0x02,
        0x20, 0x02, 0x20, 0x02, 0x1f, 0xfe, 0x00, 0x00 } },  // 色
    { {0xe9, 0x95, 0xbf}, { 0x08, 0x00, 0x08, 0x10, 0x08, 0x20, 0x08, 0x40,
        0x08, 0x80, 0x09, 0x00, 0x08, 0x00, 0xff, 0xfe,
        0x0a, 0x00, 0x09, 0x00, 0x08, 0x80, 0x08, 0x40,
        0x09, 0x20, 0x0a, 0x18, 0x0c, 0x06, 0x08, 0x00 } },  // 长
    { {0xe7, 0x9f, 0xad}, { 0x20, 0x00, 0x21, 0xfe, 0x3c, 0x00, 0x50, 0x00,
        0x90, 0xfc, 0x10, 0x84, 0x10, 0x84, 0xfe, 0x84,
        0x10, 0xfc, 0x10, 0x00, 0x10, 0x84, 0x28, 0x44,
        0x24, 0x48, 0x44, 0x00, 0x41, 0xfe, 0x80, 0x00 } },  // 短
    { {0xe4, 0xbd, 0x8e}, { 0x08, 0x08, 0x08, 0x3c, 0x0b, 0xe0, 0x12, 0x20,
        0x12, 0x20, 0x32, 0x20, 0x32, 0x20, 0x53, 0xfe,
        0x92, 0x20, 0x12, 0x10, 0x12, 0x10, 0x12, 0x12,
        0x12, 0x0a, 0x12, 0x8a, 0x13, 0x26, 0x12, 0x12 } },  // 低
    { {0xe8, 0xbf, 0x9c}, { 0x00, 0x00, 0x23, 0xf8, 0x10, 0x00, 0x10, 0x00,
        0x00, 0x00, 0x07, 0xfc, 0xf1, 0x20, 0x11, 0x20,
        0x11, 0x20, 0x11, 0x20, 0x11, 0x24, 0x12, 0x24,
        0x12, 0x24, 0x14, 0x1c, 0x28, 0x00, 0x47, 0xfe } },  // 远
    { {0xe8, 0xbf, 0x91}, { 0x00, 0x08, 0x20, 0x1c, 0x11, 0xe0, 0x11, 0x00,
        0x01, 0x00, 0x01, 0xfe, 0xf1, 0x10, 0x11, 0x10,
        0x11, 0x10, 0x11, 0x10, 0x12, 0x10, 0x12, 0x10,
        0x14, 0x10, 0x28, 0x00, 0x47, 0xfe, 0x00, 0x00 } },  // 近
    { {0xe6, 0x85, 0xa2}, { 0x23, 0xf8, 0x22, 0x08, 0x23, 0xf8, 0x32, 0x08,
        0xab, 0xf8, 0xa0, 0x00, 0xa7, 0xfc, 0xa4, 0xa4,
        0x24, 0xa4, 0x27, 0xfc, 0x20, 0x00, 0x23, 0xf8,
        0x21, 0x10, 0x20, 0xe0, 0x23, 0x18, 0x2c, 0x06 } },  // 慢
    { {0xe8, 0xbd, 0xbb}, { 0x20, 0x00, 0x21, 0xfc, 0x20, 0x08, 0xfc, 0x10,
        0x40, 0x30, 0x50, 0x48, 0x90, 0x84, 0xff, 0x02,
        0x10, 0x00, 0x11, 0xfc, 0x1c, 0x20, 0xf0, 0x20,
        0x50, 0x20, 0x10, 0x20, 0x13, 0xfe, 0x10, 0x00 } },  // 轻
    { {0xe9, 0x87, 0x8d}, { 0x00, 0x10, 0x00, 0xf8, 0x3f, 0x00, 0x01, 0x00,
        0xff, 0xfe, 0x01, 0x00, 0x1f, 0xf0, 0x11, 0x10,
        0x1f, 0xf0, 0x11, 0x10, 0x1f, 0xf0, 0x01, 0x00,
        0x3f, 0xf8, 0x01, 0x00, 0xff, 0xfe, 0x00, 0x00 } },  // 重
    { {0xe5, 0xbc, 0xba}, { 0x00, 0x00, 0xf9, 0xfc, 0x09, 0x04, 0x09, 0x04,
        0x09, 0xfc, 0x78, 0x20, 0x40, 0x20, 0x43, 0xfe,
        0x42, 0x22, 0x7a, 0x22, 0x0b, 0xfe, 0x08, 0x20,
        0x08, 0x24, 0x08, 0x22, 0x57, 0xfe, 0x20, 0x02 } },  // 强
    { {0xe5, 0xbc, 0xb1}, { 0x00, 0x00, 0x7e, 0xfc, 0x02, 0x04, 0x02, 0x04,
        0x7e, 0xfc, 0x40, 0x80, 0x40, 0x80, 0x7e, 0xfc,
        0x22, 0x44, 0x12, 0x24, 0x06, 0x0c, 0x1a, 0x34,
        0x62, 0xc4, 0x02, 0x04, 0x14, 0x28, 0x08, 0x10 } },  // 弱
    { {0xe5, 0x85, 0xb3}, { 0x10, 0x10, 0x08, 0x10, 0x08, 0x20, 0x00, 0x00,
        0x3f, 0xf8, 0x01, 0x00, 0x01, 0x00, 0x01, 0x00,
        0xff, 0xfe, 0x01, 0x00, 0x02, 0x80, 0x02, 0x80,
        0x04, 0x40, 0x08, 0x20, 0x30, 0x18, 0xc0, 0x06 } },  // 关
    { {0xe5, 0xa2, 0x9e}, { 0x22, 0x08, 0x21, 0x10, 0x20, 0x00, 0x27, 0xfc,
        0x24, 0x44, 0xfd, 0x54, 0x24, 0xe4, 0x24, 0x44,
        0x27, 0xfc, 0x20, 0x00, 0x23, 0xf8, 0x3a, 0x08,
        0xe3, 0xf8, 0x42, 0x08, 0x03, 0xf8, 0x02, 0x08 } },  // 增
    { {0xe5, 0x87, 0x8f}, { 0x00, 0x14, 0x40, 0x12, 0x20, 0x10, 0x27, 0xfe,
        0x04, 0x10, 0x04, 0x10, 0x15, 0xd0, 0x14, 0x12,
        0x24, 0x12, 0xe5, 0xd4, 0x25, 0x54, 0x25, 0x48,
        0x25, 0xda, 0x24, 0x2a, 0x28, 0x46, 0x10, 0x82 } },  // 减
    { {0xe5, 0xbe, 0x80}, { 0x08, 0x80, 0x08, 0x40, 0x10, 0x00, 0x27, 0xfc,
        0x48, 0x40, 0x08, 0x40, 0x10, 0x40, 0x30, 0x40,
        0x57, 0xfc, 0x90, 0x40, 0x10, 0x40, 0x10, 0x40,
        0x10, 0x40, 0x10, 0x40, 0x1f, 0xfe, 0x10, 0x00 } },  // 往
    { {0xe5, 0x80, 0x92}, { 0x10, 0x04, 0x10, 0x04, 0x1f, 0xc4, 0x22, 0x14,
        0x22, 0x14, 0x64, 0x94, 0x67, 0xd4, 0xa1, 0x14,
        0x21, 0x14, 0x27, 0xd4, 0x21, 0x14, 0x21, 0x14,
        0x21, 0xc4, 0x2e, 0x04, 0x24, 0x14, 0x20, 0x08 } },  // 倒
    { {0xe7, 0x9b, 0xb4}, { 0x01, 0x00, 0x01, 0x00, 0x7f, 0xfc, 0x01, 0x00,
        0x1f, 0xf0, 0x10, 0x10, 0x10, 0x10, 0x1f, 0xf0,
        0x10, 0x10, 0x1f, 0xf0, 0x10, 0x10, 0x1f, 0xf0,
        0x10, 0x10, 0x10, 0x10, 0xff, 0xfe, 0x00, 0x00 } },  // 直
    { {0xe6, 0x8e, 0x89}, { 0x10, 0x20, 0x10, 0x20, 0x10, 0x3e, 0x10, 0x20,
        0xfd, 0xfc, 0x11, 0x04, 0x15, 0xfc, 0x19, 0x04,
        0x31, 0xfc, 0xd1, 0x24, 0x10, 0x20, 0x13, 0xfe,
        0x10, 0x20, 0x10, 0x20, 0x50, 0x20, 0x20, 0x20 } },  // 掉
    { {0xe9, 0x9d, 0xa0}, { 0x11, 0x00, 0x1f, 0xf0, 0x21, 0x00, 0xff, 0xfe,
        0x00, 0x00, 0x1f, 0xf0, 0x10, 0x10, 0x1f, 0xf0,
        0x04, 0x40, 0x7c, 0x7c, 0x04, 0x40, 0x3c, 0x78,
        0x04, 0x40, 0x7c, 0x7c, 0x04, 0x40, 0x04, 0x40 } },  // 靠
    { {0xe7, 0xa2, 0xb0}, { 0x01, 0x08, 0x00, 0x90, 0xf8, 0x00, 0x23, 0xfc,
        0x20, 0x90, 0x40, 0x90, 0x78, 0x92, 0x4c, 0x92,
        0xca, 0x94, 0x4a, 0x98, 0x48, 0x90, 0x48, 0x90,
        0x78, 0x90, 0x48, 0x90, 0x07, 0xfe, 0x00, 0x00 } },  // 碰
    { {0xe6, 0x92, 0x9e}, { 0x10, 0x20, 0x11, 0xfc, 0x10, 0x88, 0x10, 0x50,
        0xfd, 0xfe, 0x10, 0x00, 0x11, 0xfc, 0x15, 0x24,
        0x19, 0xfc, 0x31, 0x24, 0xd1, 0xfc, 0x10, 0x20,
        0x11, 0xfc, 0x10, 0x20, 0x53, 0xfe, 0x20, 0x00 } },  // 撞
    { {0xe5, 0x85, 0xa8}, { 0x01, 0x00, 0x01, 0x00, 0x02, 0x80, 0x04, 0x40,
        0x08, 0x20, 0x10, 0x10, 0x2f, 0xe8, 0xc1, 0x06,
        0x01, 0x00, 0x01, 0x00, 0x1f, 0xf0, 0x01, 0x00,
        0x01, 0x00, 0x01, 0x00, 0x7f, 0xfc, 0x00, 0x00 } },  // 全
    { {0xe5, 0x8d, 0xb1}, { 0x04, 0x00, 0x04, 0x00, 0x0f, 0xf0, 0x10, 0x10,
        0x20, 0x20, 0x5f, 0xfc, 0x10, 0x00, 0x13, 0xf0,
        0x12, 0x10, 0x12, 0x10, 0x12, 0x50, 0x12, 0x20,
        0x22, 0x04, 0x22, 0x04, 0x41, 0xfc, 0x80, 0x00 } },  // 危
    { {0xe9, 0x99, 0xa9}, { 0x00, 0x40, 0x78, 0x40, 0x48, 0xa0, 0x50, 0xa0,
        0x51, 0x10, 0x62, 0x08, 0x55, 0xf6, 0x48, 0x00,
        0x48, 0x88, 0x48, 0x48, 0x6a, 0x48, 0x51, 0x50,
        0x41, 0x10, 0x40, 0x20, 0x47, 0xfe, 0x40, 0x00 } },  // 险
    { {0xe7, 0x9c, 0x8b}, { 0x00, 0xf8, 0x7f, 0x00, 0x01, 0x00, 0x3f, 0xf8,
        0x02, 0x00, 0xff, 0xfe, 0x04, 0x00, 0x08, 0x00,
        0x1f, 0xf0, 0x28, 0x10, 0x4f, 0xf0, 0x88, 0x10,
        0x0f, 0xf0, 0x08, 0x10, 0x0f, 0xf0, 0x08, 0x10 } },  // 看
    { {0xe9, 0x81, 0x87}, { 0x00, 0x00, 0x23, 0xf8, 0x12, 0x48, 0x13, 0xf8,
        0x02, 0x48, 0x03, 0xf8, 0xf0, 0x40, 0x17, 0xfc,
        0x14, 0x44, 0x14, 0x54, 0x14, 0x74, 0x15, 0x94,
        0x14, 0x04, 0x14, 0x0c, 0x28, 0x00, 0x47, 0xfe } },  // 遇
    { {0xe7, 0xa2, 0x8d}, { 0x00, 0x00, 0x01, 0xf8, 0xfd, 0x08, 0x11, 0xf8,
        0x11, 0x08, 0x21, 0xf8, 0x3c, 0x00, 0x65, 0xfc,
        0x64, 0x10, 0xa7, 0xfe, 0x24, 0x10, 0x25, 0x10,
        0x3c, 0x90, 0x24, 0x10, 0x20, 0x50, 0x00, 0x20 } },  // 碍
    { {0xe7, 0x89, 0xa9}, { 0x10, 0x80, 0x10, 0x80, 0x50, 0x80, 0x50, 0xfc,
        0x7d, 0x54, 0x52, 0x54, 0x90, 0x54, 0x10, 0x94,
        0x1c, 0x94, 0xf1, 0x24, 0x52, 0x24, 0x10, 0x44,
        0x10, 0x44, 0x10, 0x84, 0x11, 0x28, 0x10, 0x10 } },  // 物
    { {0xe5, 0xa2, 0x99}, { 0x20, 0x40, 0x20, 0x40, 0x27, 0xfc, 0x20, 0x40,
        0x22, 0x48, 0xf9, 0x50, 0x27, 0xfe, 0x20, 0x00,
        0x23, 0xf8, 0x22, 0x08, 0x22, 0xe8, 0x3a, 0xa8,
        0xe2, 0xe8, 0x42, 0x08, 0x03, 0xf8, 0x02, 0x08 } },  // 墙
    { {0xe5, 0xa3, 0x81}, { 0x00, 0x40, 0x7c, 0x20, 0x45, 0xfc, 0x44, 0x88,
        0x7c, 0x50, 0x43, 0xfe, 0x7c, 0x20, 0xa5, 0xfc,
        0x24, 0x20, 0x3d, 0x20, 0x01, 0x00, 0x3f, 0xf8,
        0x01, 0x00, 0x01, 0x00, 0xff, 0xfe, 0x00, 0x00 } },  // 壁
    { {0xe9, 0x80, 0x9a}, { 0x00, 0x00, 0x47, 0xf8, 0x20, 0x10, 0x21, 0xa0,
        0x00, 0x40, 0x07, 0xfc, 0xe4, 0x44, 0x24, 0x44,
        0x27, 0xfc, 0x24, 0x44, 0x24, 0x44, 0x27, 0xfc,
        0x24, 0x44, 0x24, 0x54, 0x54, 0x08, 0x8f, 0xfe } },  // 通
    { {0xe9, 0x81, 0x93}, { 0x02, 0x08, 0x21, 0x10, 0x10, 0x00, 0x17, 0xfc,
        0x00, 0x80, 0x03, 0xf8, 0xf2, 0x08, 0x13, 0xf8,
        0x12, 0x08, 0x13, 0xf8, 0x12, 0x08, 0x13, 0xf8,
        0x12, 0x08, 0x28, 0x00, 0x47, 0xfe, 0x00, 0x00 } },  // 道
    { {0xe8, 0xbf, 0xb7}, { 0x00, 0x40, 0x22, 0x48, 0x11, 0x48, 0x11, 0x50,
        0x00, 0x40, 0x07, 0xfc, 0xf0, 0x40, 0x10, 0xe0,
        0x11, 0x50, 0x12, 0x48, 0x14, 0x44, 0x10, 0x40,
        0x10, 0x40, 0x28, 0x00, 0x47, 0xfe, 0x00, 0x00 } },  // 迷
    { {0xe5, 0xae, 0xab}, { 0x02, 0x00, 0x01, 0x00, 0x7f, 0xfe, 0x40, 0x02,
        0x80, 0x04, 0x1f, 0xf0, 0x10, 0x10, 0x10, 0x10,
        0x1f, 0xf0, 0x00, 0x00, 0x3f, 0xf8, 0x20, 0x08,
        0x20, 0x08, 0x20, 0x08, 0x3f, 0xf8, 0x20, 0x08 } },  // 宫
    { {0xe5, 0x87, 0xba}, { 0x01, 0x00, 0x01, 0x00, 0x21, 0x08, 0x21, 0x08,
        0x21, 0x08, 0x21, 0x08, 0x3f, 0xf8, 0x01, 0x08,
        0x01, 0x00, 0x01, 0x00, 0x41, 0x04, 0x41, 0x04,
        0x41, 0x04, 0x41, 0x04, 0x7f, 0xfc, 0x00, 0x04 } },  // 出
    { {0xe8, 0xbe, 0xb9}, { 0x00, 0x40, 0x20, 0x40, 0x10, 0x40, 0x13, 0xfc,
        0x00, 0x44, 0x00, 0x44, 0xf0, 0x44, 0x10, 0x84,
        0x10, 0x84, 0x11, 0x04, 0x11, 0x04, 0x12, 0x28,
        0x14, 0x10, 0x28, 0x00, 0x47, 0xfe, 0x00, 0x00 } },  // 边
    { {0xe6, 0x82, 0xa8}, { 0x09, 0x00, 0x09, 0x00, 0x11, 0xfc, 0x32, 0x04,
        0x54, 0x48, 0x99, 0x50, 0x11, 0x48, 0x12, 0x44,
        0x14, 0x44, 0x11, 0x40, 0x10, 0x80, 0x02, 0x00,
        0x51, 0x04, 0x51, 0x12, 0x90, 0x12, 0x0f, 0xf0 } },  // 您
    { {0xe7, 0xa8, 0x8d}, { 0x08, 0x20, 0x1d, 0x24, 0xf0, 0xa4, 0x10, 0xa8,
        0x10, 0x20, 0xfd, 0xfc, 0x11, 0x04, 0x31, 0x04,
        0x39, 0xfc, 0x55, 0x04, 0x55, 0x04, 0x91, 0xfc,
        0x11, 0x04, 0x11, 0x04, 0x11, 0x14, 0x11, 0x08 } },  // 稍
    { {0xe5, 0x80, 0x99}, { 0x10, 0x00, 0x13, 0xf8, 0x10, 0x08, 0x28, 0x08,
        0x2f, 0xfe, 0x69, 0x00, 0x69, 0x00, 0xab, 0xf8,
        0x2c, 0x40, 0x28, 0x40, 0x2f, 0xfe, 0x28, 0x40,
        0x28, 0xa0, 0x21, 0x10, 0x22, 0x08, 0x2c, 0x06 } },  // 候
    { {0xe6, 0x8a, 0xb1}, { 0x10, 0x80, 0x10, 0x80, 0x11, 0xfc, 0x11, 0x04,
        0xfa, 0x04, 0x15, 0xf4, 0x11, 0x14, 0x19, 0x14,
        0x31, 0x14, 0xd1, 0xf4, 0x11, 0x04, 0x11, 0x28,
        0x11, 0x12, 0x11, 0x02, 0x50, 0xfe, 0x20, 0x00 } },  // 抱
    { {0xe6, 0xad, 0x89}, { 0x22, 0x20, 0x14, 0x20, 0xff, 0xa0, 0x14, 0x7e,
        0x14, 0x42, 0x7f, 0x84, 0x15, 0x10, 0xff, 0x90,
        0x15, 0x10, 0x7f, 0x10, 0x14, 0x28, 0x36, 0x28,
        0x55, 0x28, 0x94, 0xc4, 0x14, 0x44, 0x14, 0x82 } },  // 歉
    { {0xe5, 0x90, 0xac}, { 0x00, 0x08, 0x00, 0x1c, 0x79, 0xe0, 0x49, 0x00,
        0x49, 0x00, 0x49, 0x00, 0x49, 0xfe, 0x49, 0x10,
        0x49, 0x10, 0x49, 0x10, 0x79, 0x10, 0x49, 0x10,
        0x01, 0x10, 0x02, 0x10, 0x02, 0x10, 0x04, 0x10 } },  // 听
    { {0xe8, 0xaf, 0xb4}, { 0x02, 0x08, 0x21, 0x08, 0x11, 0x10, 0x10, 0x20,
        0x03, 0xf8, 0x02, 0x08, 0xf2, 0x08, 0x12, 0x08,
        0x13, 0xf8, 0x10, 0xa0, 0x10, 0xa0, 0x15, 0x20,
        0x19, 0x22, 0x12, 0x22, 0x04, 0x1e, 0x08, 0x00 } },  // 说
    { {0xe6, 0xac, 0xa1}, { 0x00, 0x80, 0x40, 0x80, 0x20, 0x80, 0x20, 0xfc,
        0x01, 0x04, 0x09, 0x08, 0x0a, 0x40, 0x14, 0x40,
        0x10, 0x40, 0xe0, 0xa0, 0x20, 0xa0, 0x21, 0x10,
        0x21, 0x10, 0x22, 0x08, 0x24, 0x04, 0x08, 0x02 } },  // 次
    { {0xe6, 0x8d, 0xa2}, { 0x10, 0x80, 0x10, 0x80, 0x10, 0xf8, 0x11, 0x08,
        0xfa, 0x10, 0x15, 0xfc, 0x11, 0x24, 0x19, 0x24,
        0x31, 0x24, 0xd1, 0x24, 0x17, 0xfe, 0x10, 0x50,
        0x10, 0x50, 0x10, 0x88, 0x51, 0x04, 0x26, 0x02 } },  // 换
    { {0xe5, 0x81, 0x9a}, { 0x12, 0x10, 0x12, 0x10, 0x12, 0x10, 0x2f, 0xa0,
        0x22, 0x3e, 0x62, 0x44, 0x62, 0x24, 0xaf, 0xa4,
        0x28, 0xa4, 0x28, 0xa8, 0x28, 0xa8, 0x28, 0x90,
        0x2f, 0xa8, 0x28, 0x28, 0x20, 0x44, 0x20, 0x82 } },  // 做
    { {0xe5, 0xbe, 0x97}, { 0x08, 0x00, 0x0b, 0xf8, 0x12, 0x08, 0x23, 0xf8,
        0x4a, 0x08, 0x0b, 0xf8, 0x10, 0x00, 0x33, 0xfc,
        0x50, 0x10, 0x97, 0xfe, 0x10, 0x10, 0x12, 0x10,
        0x11, 0x10, 0x10, 0x10, 0x10, 0x50, 0x10, 0x20 } },  // 得
    { {0xe9, 0x94, 0x99}, { 0x21, 0x10, 0x21, 0x10, 0x39, 0x10, 0x27, 0xfc,
        0x41, 0x10, 0x79, 0x10, 0xaf, 0xfe, 0x20, 0x00,
        0xfb, 0xf8, 0x22, 0x08, 0x22, 0x08, 0x23, 0xf8,
        0x2a, 0x08, 0x32, 0x08, 0x23, 0xf8, 0x02, 0x08 } },  // 错
    { {0xe7, 0xa7, 0x91}, { 0x08, 0x10, 0x1d, 0x10, 0xf0, 0x90, 0x10, 0x90,
        0x10, 0x10, 0xfd, 0x10, 0x10, 0x90, 0x38, 0x90,
        0x34, 0x10, 0x50, 0x1e, 0x53, 0xf0, 0x90, 0x10,
        0x10, 0x10, 0x10, 0x10, 0x10, 0x10, 0x10, 0x10 } },  // 科
    { {0xe6, 0x8a, 0x80}, { 0x10, 0x20, 0x10, 0x20, 0x10, 0x20, 0x13, 0xfe,
        0xfc, 0x20, 0x10, 0x20, 0x10, 0x20, 0x15, 0xfc,
        0x18, 0x84, 0x30, 0x88, 0xd0, 0x48, 0x10, 0x50,
        0x10, 0x20, 0x10, 0x50, 0x51, 0x88, 0x26, 0x06 } },  // 技
    { {0xe6, 0x9c, 0xaa}, { 0x01, 0x00, 0x01, 0x00, 0x01, 0x00, 0x3f, 0xf8,
        0x01, 0x00, 0x01, 0x00, 0x01, 0x00, 0xff, 0xfe,
        0x03, 0x80, 0x05, 0x40, 0x09, 0x20, 0x11, 0x10,
        0x21, 0x08, 0xc1, 0x06, 0x01, 0x00, 0x01, 0x00 } },  // 未
    { {0xe6, 0x9d, 0xa5}, { 0x01, 0x00, 0x01, 0x00, 0x01, 0x00, 0x7f, 0xfc,
        0x01, 0x00, 0x11, 0x10, 0x09, 0x10, 0x09, 0x20,
        0xff, 0xfe, 0x03, 0x80, 0x05, 0x40, 0x09, 0x20,
        0x31, 0x18, 0xc1, 0x06, 0x01, 0x00, 0x01, 0x00 } },  // 来
    { {0xe6, 0x8e, 0xa2}, { 0x20, 0x00, 0x27, 0xfc, 0x24, 0x04, 0x24, 0xa4,
        0xf9, 0x10, 0x22, 0x08, 0x20, 0x40, 0x28, 0x40,
        0x37, 0xfc, 0xe0, 0x40, 0x20, 0xe0, 0x21, 0x50,
        0x22, 0x48, 0x2c, 0x46, 0xa0, 0x40, 0x40, 0x40 } },  // 探
    { {0xe7, 0xb4, 0xa2}, { 0x01, 0x00, 0x01, 0x00, 0x3f, 0xf8, 0x01, 0x00,
        0x01, 0x00, 0x7f, 0xfe, 0x42, 0x02, 0x84, 0x24,
        0x1f, 0xc0, 0x01, 0x80, 0x06, 0x10, 0x3f, 0xf8,
        0x01, 0x08, 0x11, 0x20, 0x25, 0x10, 0x42, 0x08 } },  // 索
    { {0xe9, 0x80, 0xa0}, { 0x00, 0x40, 0x22, 0x40, 0x13, 0xf8, 0x14, 0x40,
        0x00, 0x40, 0x07, 0xfc, 0xf0, 0x00, 0x10, 0x00,
        0x13, 0xf8, 0x12, 0x08, 0x12, 0x08, 0x13, 0xf8,
        0x12, 0x08, 0x28, 0x00, 0x47, 0xfe, 0x00, 0x00 } },  // 造
    { {0xe8, 0xae, 0xbe}, { 0x00, 0x00, 0x21, 0xf0, 0x11, 0x10, 0x11, 0x10,
        0x01, 0x10, 0x02, 0x0e, 0xf4, 0x00, 0x13, 0xf8,
        0x11, 0x08, 0x11, 0x10, 0x10, 0x90, 0x14, 0xa0,
        0x18, 0x40, 0x10, 0xa0, 0x03, 0x18, 0x0c, 0x06 } },  // 设
    { {0xe8, 0xae, 0xa1}, { 0x00, 0x40, 0x20, 0x40, 0x10, 0x40, 0x10, 0x40,
        0x00, 0x40, 0x00, 0x40, 0xf7, 0xfe, 0x10, 0x40,
        0x10, 0x40, 0x10, 0x40, 0x10, 0x40, 0x10, 0x40,
        0x14, 0x40, 0x18, 0x40, 0x10, 0x40, 0x00, 0x40 } },  // 计
    { {0xe8, 0xa3, 0x85}, { 0x08, 0x20, 0x48, 0x20, 0x2b, 0xfe, 0x08, 0x20,
        0x18, 0x20, 0x28, 0x20, 0xc9, 0xfc, 0x0a, 0x00,
        0x01, 0x00, 0xff, 0xfe, 0x05, 0x00, 0x0c, 0x88,
        0x34, 0x50, 0xc5, 0x30, 0x06, 0x0e, 0x04, 0x00 } },  // 装
    { {0xe6, 0xa3, 0x80}, { 0x10, 0x40, 0x10, 0x40, 0x10, 0xa0, 0x10, 0xa0,
        0xfd, 0x10, 0x12, 0x08, 0x35, 0xf6, 0x38, 0x00,
        0x54, 0x88, 0x50, 0x48, 0x92, 0x48, 0x11, 0x50,
        0x11, 0x10, 0x10, 0x20, 0x17, 0xfe, 0x10, 0x00 } },  // 检
    { {0xe6, 0x9f, 0xa5}, { 0x01, 0x00, 0x01, 0x00, 0x7f, 0xfc, 0x05, 0x40,
        0x09, 0x20, 0x31, 0x18, 0xc1, 0x06, 0x1f, 0xf0,
        0x10, 0x10, 0x1f, 0xf0, 0x10, 0x10, 0x1f, 0xf0,
        0x10, 0x10, 0x00, 0x00, 0xff, 0xfe, 0x00, 0x00 } },  // 查
    { {0xe4, 0xbf, 0xae}, { 0x10, 0x80, 0x10, 0x80, 0x11, 0xf8, 0x21, 0x08,
        0x2a, 0x90, 0x6c, 0x60, 0xa9, 0x98, 0x2e, 0x26,
        0x28, 0xc0, 0x2b, 0x10, 0x28, 0x20, 0x28, 0xc8,
        0x2b, 0x10, 0x20, 0x60, 0x21, 0x80, 0x26, 0x00 } },  // 修
    { {0xe5, 0xa4, 0x8d}, { 0x10, 0x00, 0x10, 0x00, 0x1f, 0xfc, 0x20, 0x00,
        0x5f, 0xf0, 0x90, 0x10, 0x1f, 0xf0, 0x10, 0x10,
        0x1f, 0xf0, 0x04, 0x00, 0x0f, 0xf0, 0x18, 0x20,
        0x64, 0x40, 0x03, 0x80, 0x1c, 0x70, 0xe0, 0x0e } },  // 复
    { {0xe6, 0x96, 0xb0}, { 0x10, 0x00, 0x08, 0x04, 0x7f, 0x78, 0x00, 0x40,
        0x22, 0x40, 0x14, 0x40, 0xff, 0x7e, 0x08, 0x48,
        0x08, 0x48, 0x7f, 0x48, 0x08, 0x48, 0x2a, 0x48,
        0x49, 0x48, 0x88, 0x88, 0x28, 0x88, 0x11, 0x08 } },  // 新
    { {0xe7, 0x89, 0x88}, { 0x08, 0x08, 0x48, 0x1c, 0x49, 0xe0, 0x49, 0x00,
        0x49, 0x00, 0x7d, 0xfc, 0x41, 0x44, 0x41, 0x44,
        0x79, 0x44, 0x49, 0x28, 0x49, 0x28, 0x49, 0x10,
        0x49, 0x10, 0x4a, 0x28, 0x4a, 0x44, 0x8c, 0x82 } },  // 版
    { {0xe6, 0x9c, 0xac}, { 0x01, 0x00, 0x01, 0x00, 0x01, 0x00, 0x01, 0x00,
        0x7f, 0xfc, 0x03, 0x80, 0x05, 0x40, 0x05, 0x40,
        0x09, 0x20, 0x11, 0x10, 0x21, 0x08, 0x4f, 0xe4,
        0x81, 0x02, 0x01, 0x00, 0x01, 0x00, 0x01, 0x00 } },  // 本
    { {0xe7, 0xbd, 0xae}, { 0x7f, 0xfc, 0x44, 0x44, 0x7f, 0xfc, 0x01, 0x00,
        0x7f, 0xfc, 0x01, 0x00, 0x1f, 0xf0, 0x10, 0x10,
        0x1f, 0xf0, 0x10, 0x10, 0x1f, 0xf0, 0x10, 0x10,
        0x1f, 0xf0, 0x10, 0x10, 0xff, 0xfe, 0x00, 0x00 } },  // 置
    { {0xe6, 0xb0, 0xb8}, { 0x02, 0x00, 0x01, 0x00, 0x00, 0x80, 0x1f, 0x00,
        0x01, 0x04, 0x01, 0x08, 0x7d, 0x90, 0x05, 0xa0,
        0x05, 0x40, 0x09, 0x40, 0x09, 0x20, 0x11, 0x10,
        0x21, 0x08, 0xc1, 0x06, 0x05, 0x00, 0x02, 0x00 } },  // 永
    { {0xe4, 0xbf, 0x9d}, { 0x08, 0x00, 0x0b, 0xf8, 0x0a, 0x08, 0x12, 0x08,
        0x12, 0x08, 0x33, 0xf8, 0x30, 0x40, 0x50, 0x40,
        0x97, 0xfc, 0x10, 0xe0, 0x11, 0x50, 0x12, 0x48,
        0x14, 0x44, 0x18, 0x42, 0x10, 0x40, 0x10, 0x40 } },  // 保
    { {0xe6, 0x8c, 0x81}, { 0x10, 0x20, 0x10, 0x20, 0x10, 0x20, 0x11, 0xfc,
        0xfc, 0x20, 0x10, 0x20, 0x13, 0xfe, 0x10, 0x08,
        0x18, 0x08, 0x33, 0xfe, 0xd0, 0x08, 0x10, 0x88,
        0x10, 0x48, 0x10, 0x08, 0x50, 0x28, 0x20, 0x10 } },  // 持
    { {0xe9, 0x9c, 0x80}, { 0x00, 0x00, 0x3f, 0xf8, 0x01, 0x00, 0x7f, 0xfe,
        0x41, 0x02, 0x9d, 0x74, 0x01, 0x00, 0x1d, 0x70,
        0x00, 0x00, 0xff, 0xfe, 0x02, 0x00, 0x3f, 0xf8,
        0x24, 0x88, 0x24, 0x88, 0x24, 0xa8, 0x20, 0x10 } },  // 需
    { {0xe5, 0xba, 0x94}, { 0x01, 0x00, 0x00, 0x80, 0x3f, 0xfe, 0x20, 0x00,
        0x20, 0x00, 0x21, 0x04, 0x28, 0x84, 0x24, 0x84,
        0x24, 0x48, 0x22, 0x48, 0x22, 0x10, 0x22, 0x10,
        0x40, 0x20, 0x40, 0x40, 0x9f, 0xfe, 0x00, 0x00 } },  // 应
    { {0xe8, 0xaf, 0xa5}, { 0x00, 0x80, 0x40, 0x40, 0x2f, 0xfe, 0x20, 0x80,
        0x01, 0x10, 0x01, 0x10, 0xe2, 0x24, 0x27, 0xe4,
        0x20, 0x48, 0x20, 0x88, 0x21, 0x10, 0x2a, 0x20,
        0x34, 0x50, 0x20, 0x88, 0x03, 0x04, 0x0c, 0x04 } },  // 该
    { {0xe6, 0xb3, 0xa8}, { 0x00, 0x80, 0x20, 0x40, 0x10, 0x00, 0x17, 0xfc,
        0x80, 0x40, 0x40, 0x40, 0x40, 0x40, 0x10, 0x40,
        0x13, 0xfc, 0x20, 0x40, 0xe0, 0x40, 0x20, 0x40,
        0x20, 0x40, 0x20, 0x40, 0x2f, 0xfe, 0x00, 0x00 } },  // 注
    { {0xe7, 0x82, 0xb9}, { 0x02, 0x00, 0x02, 0x00, 0x02, 0x00, 0x03, 0xfc,
        0x02, 0x00, 0x02, 0x00, 0x3f, 0xf0, 0x20, 0x10,
        0x20, 0x10, 0x20, 0x10, 0x3f, 0xf0, 0x00, 0x00,
        0x24, 0x88, 0x22, 0x44, 0x42, 0x44, 0x80, 0x04 } },  // 点
    { {0xe7, 0xbb, 0xa7}, { 0x10, 0x20, 0x12, 0x20, 0x22, 0x20, 0x23, 0x24,
        0x4a, 0xa8, 0xf2, 0x20, 0x13, 0xfc, 0x22, 0x20,
        0x42, 0x70, 0xfa, 0xa8, 0x43, 0x24, 0x02, 0x20,
        0x1a, 0x20, 0xe2, 0x20, 0x43, 0xfe, 0x00, 0x00 } },  // 继
    { {0xe7, 0xbb, 0xad}, { 0x10, 0x20, 0x10, 0x20, 0x21, 0xfc, 0x24, 0x20,
        0x44, 0x20, 0xfb, 0xfe, 0x10, 0x02, 0x20, 0x94,
        0x40, 0x50, 0xfd, 0x10, 0x40, 0x90, 0x03, 0xfe,
        0x1c, 0x28, 0xe0, 0x44, 0x40, 0x82, 0x03, 0x02 } },  // 续
    { {0xe9, 0x9b, 0xb6}, { 0x3f, 0xf8, 0x01, 0x00, 0x7f, 0xfe, 0x41, 0x02,
        0x9d, 0x74, 0x01, 0x00, 0x1d, 0x70, 0x02, 0x80,
        0x0c, 0x60, 0x32, 0x18, 0xc1, 0x06, 0x1f, 0xe0,
        0x00, 0x20, 0x06, 0x40, 0x01, 0x80, 0x00, 0x40 } },  // 零
    { {0xe6, 0x97, 0xa5}, { 0x00, 0x00, 0x1f, 0xf0, 0x10, 0x10, 0x10, 0x10,
        0x10, 0x10, 0x10, 0x10, 0x10, 0x10, 0x1f, 0xf0,
        0x10, 0x10, 0x10, 0x10, 0x10, 0x10, 0x10, 0x10,
        0x10, 0x10, 0x10, 0x10, 0x1f, 0xf0, 0x10, 0x10 } },  // 日
    { {0xe5, 0xb9, 0xb4}, { 0x10, 0x00, 0x10, 0x00, 0x1f, 0xfc, 0x20, 0x80,
        0x20, 0x80, 0x40, 0x80, 0x1f, 0xf8, 0x10, 0x80,
        0x10, 0x80, 0x10, 0x80, 0xff, 0xfe, 0x00, 0x80,
        0x00, 0x80, 0x00, 0x80, 0x00, 0x80, 0x00, 0x80 } },  // 年
    { {0xe5, 0x91, 0xa8}, { 0x00, 0x00, 0x3f, 0xf8, 0x21, 0x08, 0x21, 0x08,
        0x2f, 0xe8, 0x21, 0x08, 0x21, 0x08, 0x3f, 0xf8,
        0x20, 0x08, 0x27, 0xc8, 0x24, 0x48, 0x24, 0x48,
        0x27, 0xc8, 0x40, 0x08, 0x40, 0x28, 0x80, 0x10 } },  // 周
    { {0xe6, 0x9c, 0x9f}, { 0x22, 0x00, 0x22, 0x7c, 0x7f, 0x44, 0x22, 0x44,
        0x22, 0x44, 0x3e, 0x7c, 0x22, 0x44, 0x22, 0x44,
        0x3e, 0x44, 0x22, 0x7c, 0x22, 0x44, 0xff, 0x44,
        0x04, 0x84, 0x22, 0x84, 0x41, 0x14, 0x82, 0x08 } },  // 期
    { {0xe5, 0x8d, 0x88}, { 0x08, 0x00, 0x08, 0x00, 0x08, 0x00, 0x1f, 0xf8,
        0x11, 0x00, 0x21, 0x00, 0x41, 0x00, 0x01, 0x00,
        0x01, 0x00, 0xff, 0xfe, 0x01, 0x00, 0x01, 0x00,
        0x01, 0x00, 0x01, 0x00, 0x01, 0x00, 0x01, 0x00 } },  // 午
    { {0xe6, 0x98, 0xa5}, { 0x01, 0x00, 0x01, 0x00, 0x7f, 0xfc, 0x01, 0x00,
        0x3f, 0xf8, 0x02, 0x00, 0xff, 0xfe, 0x08, 0x20,
        0x10, 0x10, 0x2f, 0xe8, 0xc8, 0x26, 0x08, 0x20,
        0x0f, 0xe0, 0x08, 0x20, 0x08, 0x20, 0x0f, 0xe0 } },  // 春
    { {0xe5, 0xa4, 0x8f}, { 0x7f, 0xfc, 0x02, 0x00, 0x1f, 0xf0, 0x10, 0x10,
        0x1f, 0xf0, 0x10, 0x10, 0x1f, 0xf0, 0x10, 0x10,
        0x1f, 0xf0, 0x08, 0x00, 0x1f, 0xf0, 0x28, 0x20,
        0x44, 0x40, 0x03, 0x80, 0x1c, 0x70, 0xe0, 0x0e } },  // 夏
    { {0xe7, 0xa7, 0x8b}, { 0x08, 0x40, 0x1c, 0x40, 0xf0, 0x40, 0x10, 0x40,
        0x11, 0x44, 0xfd, 0x44, 0x11, 0x48, 0x32, 0x50,
        0x38, 0x40, 0x54, 0xa0, 0x54, 0xa0, 0x90, 0x90,
        0x11, 0x10, 0x11, 0x08, 0x12, 0x04, 0x14, 0x02 } },  // 秋
    { {0xe5, 0x86, 0xac}, { 0x04, 0x00, 0x04, 0x00, 0x0f, 0xf0, 0x10, 0x10,
        0x28, 0x20, 0x44, 0x40, 0x03, 0x80, 0x0c, 0x60,
        0x30, 0x18, 0xc0, 0x06, 0x07, 0x00, 0x00, 0xc0,
        0x00, 0x20, 0x0e, 0x00, 0x01, 0x80, 0x00, 0x40 } },  // 冬
    { {0xe5, 0x8d, 0x97}, { 0x01, 0x00, 0x01, 0x00, 0xff, 0xfe, 0x01, 0x00,
        0x01, 0x00, 0x7f, 0xfc, 0x48, 0x24, 0x44, 0x44,
        0x4f, 0xe4, 0x41, 0x04, 0x41, 0x04, 0x5f, 0xf4,
        0x41, 0x04, 0x41, 0x04, 0x41, 0x14, 0x40, 0x08 } },  // 南
    { {0xe5, 0x8c, 0x97}, { 0x04, 0x40, 0x04, 0x40, 0x04, 0x40, 0x04, 0x44,
        0x04, 0x48, 0x7c, 0x50, 0x04, 0x60, 0x04, 0x40,
        0x04, 0x40, 0x04, 0x40, 0x04, 0x40, 0x04, 0x42,
        0x1c, 0x42, 0xe4, 0x42, 0x44, 0x3e, 0x04, 0x00 } },  // 北
    { {0xe5, 0x86, 0x85}, { 0x01, 0x00, 0x01, 0x00, 0x01, 0x00, 0x7f, 0xfc,
        0x41, 0x04, 0x41, 0x04, 0x41, 0x04, 0x42, 0x84,
        0x42, 0x44, 0x44, 0x24, 0x48, 0x14, 0x50, 0x14,
        0x40, 0x04, 0x40, 0x04, 0x40, 0x14, 0x40, 0x08 } },  // 内
    { {0xe5, 0xa4, 0x96}, { 0x10, 0x40, 0x10, 0x40, 0x10, 0x40, 0x10, 0x40,
        0x3e, 0x40, 0x22, 0x60, 0x42, 0x50, 0x42, 0x48,
        0xa4, 0x44, 0x14, 0x44, 0x08, 0x40, 0x08, 0x40,
        0x10, 0x40, 0x20, 0x40, 0x40, 0x40, 0x80, 0x40 } },  // 外
    { {0xe6, 0x9d, 0x9f}, { 0x01, 0x00, 0x01, 0x00, 0xff, 0xfe, 0x01, 0x00,
        0x01, 0x00, 0x3f, 0xf8, 0x21, 0x08, 0x21, 0x08,
        0x21, 0x08, 0x3f, 0xf8, 0x23, 0x88, 0x05, 0x40,
        0x09, 0x20, 0x31, 0x18, 0xc1, 0x06, 0x01, 0x00 } },  // 束
    { {0xe6, 0x9a, 0x82}, { 0x10, 0x0c, 0xfe, 0xf0, 0x20, 0x80, 0x48, 0x80,
        0x7e, 0xfe, 0x08, 0x88, 0x0e, 0x88, 0xf9, 0x08,
        0x4a, 0x08, 0x1f, 0xf8, 0x10, 0x10, 0x10, 0x10,
        0x1f, 0xf0, 0x10, 0x10, 0x10, 0x10, 0x1f, 0xf0 } },  // 暂
    { {0xe6, 0x81, 0xa2}, { 0x10, 0x40, 0x10, 0x40, 0x10, 0x40, 0x13, 0xfe,
        0x18, 0x80, 0x54, 0x90, 0x50, 0x90, 0x51, 0x12,
        0x91, 0x52, 0x11, 0x54, 0x12, 0x90, 0x12, 0x28,
        0x14, 0x28, 0x10, 0x44, 0x10, 0x84, 0x11, 0x02 } },  // 恢
    { {0xe5, 0xad, 0x98}, { 0x04, 0x00, 0x04, 0x00, 0xff, 0xfe, 0x08, 0x00,
        0x08, 0x00, 0x13, 0xf8, 0x10, 0x10, 0x30, 0x20,
        0x50, 0x40, 0x97, 0xfe, 0x10, 0x40, 0x10, 0x40,
        0x10, 0x40, 0x10, 0x40, 0x11, 0x40, 0x10, 0x80 } },  // 存
    { {0xe8, 0xaf, 0xbb}, { 0x00, 0x20, 0x20, 0x20, 0x11, 0xfc, 0x10, 0x20,
        0x00, 0x20, 0x03, 0xfe, 0xf0, 0x02, 0x10, 0x94,
        0x10, 0x50, 0x11, 0x10, 0x10, 0x90, 0x13, 0xfe,
        0x14, 0x28, 0x18, 0x44, 0x10, 0x82, 0x03, 0x02 } },  // 读
    { {0xe5, 0x8f, 0x96}, { 0x00, 0x00, 0xff, 0x80, 0x22, 0xfc, 0x22, 0x44,
        0x3e, 0x44, 0x22, 0x44, 0x22, 0x44, 0x3e, 0x44,
        0x22, 0x28, 0x22, 0x28, 0x27, 0xa8, 0xfa, 0x10,
        0x42, 0x10, 0x02, 0x28, 0x02, 0x44, 0x02, 0x82 } },  // 取
    { {0xe5, 0x9d, 0x8f}, { 0x10, 0x00, 0x10, 0x00, 0x13, 0xfe, 0x10, 0x10,
        0x10, 0x10, 0xfc, 0x20, 0x10, 0x20, 0x10, 0x68,
        0x10, 0x64, 0x10, 0xa4, 0x1d, 0x22, 0xe2, 0x22,
        0x44, 0x20, 0x00, 0x20, 0x00, 0x20, 0x00, 0x20 } },  // 坏
    { {0xe5, 0xaf, 0xb9}, { 0x00, 0x10, 0x00, 0x10, 0x00, 0x10, 0x7e, 0x10,
        0x02, 0xfe, 0x02, 0x10, 0x24, 0x10, 0x14, 0x90,
        0x08, 0x50, 0x08, 0x50, 0x14, 0x10, 0x12, 0x10,
        0x22, 0x10, 0x40, 0x10, 0x00, 0x50, 0x00, 0x20 } },  // 对
    { {0xe7, 0x9c, 0x9f}, { 0x01, 0x00, 0x01, 0x00, 0x7f, 0xfc, 0x01, 0x00,
        0x1f, 0xf0, 0x10, 0x10, 0x1f, 0xf0, 0x10, 0x10,
        0x1f, 0xf0, 0x10, 0x10, 0x1f, 0xf0, 0x10, 0x10,
        0xff, 0xfe, 0x08, 0x20, 0x10, 0x10, 0x20, 0x08 } },  // 真
    { {0xe5, 0x81, 0x87}, { 0x10, 0x00, 0x17, 0xbc, 0x14, 0x84, 0x24, 0x84,
        0x24, 0x84, 0x67, 0xbc, 0x64, 0x00, 0xa4, 0x00,
        0x27, 0xbc, 0x24, 0x24, 0x24, 0x24, 0x27, 0xa8,
        0x24, 0x10, 0x24, 0x28, 0x24, 0x44, 0x24, 0x82 } },  // 假
    { {0xe6, 0x97, 0xa7}, { 0x20, 0x00, 0x23, 0xfc, 0x22, 0x04, 0x22, 0x04,
        0x22, 0x04, 0x22, 0x04, 0x22, 0x04, 0x23, 0xfc,
        0x22, 0x04, 0x22, 0x04, 0x22, 0x04, 0x22, 0x04,
        0x22, 0x04, 0x23, 0xfc, 0x22, 0x04, 0x20, 0x00 } },  // 旧
    { {0xe5, 0x8e, 0xbb}, { 0x01, 0x00, 0x01, 0x00, 0x01, 0x00, 0x3f, 0xf8,
        0x01, 0x00, 0x01, 0x00, 0x01, 0x00, 0x01, 0x00,
        0xff, 0xfe, 0x02, 0x00, 0x02, 0x00, 0x04, 0x00,
        0x08, 0x20, 0x10, 0x10, 0x3f, 0xf8, 0x00, 0x08 } },  // 去
    { {0xe7, 0x8e, 0xa9}, { 0x00, 0x00, 0x00, 0x00, 0xfd, 0xfc, 0x10, 0x00,
        0x10, 0x00, 0x10, 0x00, 0x13, 0xfe, 0x7c, 0x90,
        0x10, 0x90, 0x10, 0x90, 0x10, 0x90, 0x10, 0x90,
        0x1d, 0x12, 0xe1, 0x12, 0x42, 0x0e, 0x04, 0x00 } },  // 玩
    { {0xe5, 0x90, 0xa7}, { 0x00, 0x00, 0x03, 0xf8, 0x7a, 0x48, 0x4a, 0x48,
        0x4a, 0x48, 0x4a, 0x48, 0x4a, 0x48, 0x4b, 0xf8,
        0x4a, 0x08, 0x4a, 0x00, 0x7a, 0x00, 0x4a, 0x02,
        0x02, 0x02, 0x02, 0x02, 0x01, 0xfe, 0x00, 0x00 } },  // 吧
    { {0xe7, 0x9f, 0xa5}, { 0x20, 0x00, 0x20, 0x00, 0x20, 0x7c, 0x7e, 0x44,
        0x48, 0x44, 0x88, 0x44, 0x08, 0x44, 0x08, 0x44,
        0xff, 0x44, 0x08, 0x44, 0x14, 0x44, 0x14, 0x44,
        0x22, 0x7c, 0x22, 0x44, 0x42, 0x00, 0x80, 0x00 } },  // 知
    { {0xe6, 0x8c, 0x91}, { 0x10, 0x90, 0x10, 0x90, 0x10, 0x90, 0x12, 0x92,
        0xfd, 0x94, 0x10, 0x98, 0x10, 0x90, 0x15, 0x98,
        0x1a, 0x94, 0x34, 0x92, 0xd0, 0x90, 0x10, 0x90,
        0x11, 0x12, 0x11, 0x12, 0x52, 0x12, 0x24, 0x0e } },  // 挑
    { {0xe6, 0x88, 0x98}, { 0x10, 0x20, 0x10, 0x28, 0x10, 0x24, 0x1e, 0x24,
        0x10, 0x20, 0x10, 0x3e, 0x11, 0xe0, 0x10, 0x24,
        0x7e, 0x24, 0x42, 0x28, 0x42, 0x28, 0x42, 0x10,
        0x42, 0x32, 0x7e, 0x4a, 0x42, 0x86, 0x01, 0x02 } },  // 战
    { {0xe4, 0xbb, 0xbb}, { 0x08, 0x10, 0x08, 0x78, 0x0b, 0xc0, 0x10, 0x40,
        0x10, 0x40, 0x30, 0x40, 0x30, 0x40, 0x5f, 0xfe,
        0x90, 0x40, 0x10, 0x40, 0x10, 0x40, 0x10, 0x40,
        0x10, 0x40, 0x10, 0x40, 0x17, 0xfc, 0x10, 0x00 } },  // 任
    { {0xe5, 0x8a, 0xa1}, { 0x04, 0x00, 0x04, 0x00, 0x0f, 0xf0, 0x18, 0x20,
        0x24, 0xc0, 0x03, 0x00, 0x0c, 0xc0, 0x32, 0x30,
        0xc2, 0x0e, 0x1f, 0xf0, 0x02, 0x10, 0x04, 0x10,
        0x04, 0x10, 0x08, 0x10, 0x10, 0xa0, 0x20, 0x40 } },  // 务
    { {0xe7, 0x9b, 0xae}, { 0x00, 0x00, 0x3f, 0xf8, 0x20, 0x08, 0x20, 0x08,
        0x20, 0x08, 0x3f, 0xf8, 0x20, 0x08, 0x20, 0x08,
        0x20, 0x08, 0x3f, 0xf8, 0x20, 0x08, 0x20, 0x08,
        0x20, 0x08, 0x20, 0x08, 0x3f, 0xf8, 0x20, 0x08 } },  // 目
    { {0xe6, 0xa0, 0x87}, { 0x10, 0x00, 0x11, 0xfc, 0x10, 0x00, 0x10, 0x00,
        0xfc, 0x00, 0x13, 0xfe, 0x30, 0x20, 0x38, 0x20,
        0x55, 0x28, 0x55, 0x24, 0x92, 0x24, 0x12, 0x22,
        0x14, 0x22, 0x10, 0x20, 0x10, 0xa0, 0x10, 0x40 } },  // 标
    { {0xe5, 0xa5, 0x96}, { 0x08, 0x40, 0x48, 0x40, 0x28, 0xfc, 0x09, 0x04,
        0x1a, 0x88, 0x28, 0x50, 0x48, 0x20, 0x88, 0x40,
        0x09, 0x80, 0x01, 0x00, 0xff, 0xfe, 0x02, 0x80,
        0x04, 0x40, 0x08, 0x20, 0x30, 0x18, 0xc0, 0x06 } },  // 奖
    { {0xe5, 0x8a, 0xb1}, { 0x00, 0x10, 0x7f, 0xd0, 0x40, 0x10, 0x40, 0x10,
        0x5f, 0x7e, 0x48, 0x12, 0x48, 0x12, 0x4f, 0x12,
        0x49, 0x12, 0x49, 0x12, 0x49, 0x12, 0x49, 0x12,
        0x49, 0x12, 0x51, 0x22, 0x95, 0x2a, 0x22, 0x44 } },  // 励
    { {0xe6, 0xb8, 0xb8}, { 0x02, 0x10, 0x21, 0x10, 0x11, 0x10, 0x17, 0xbe,
        0x82, 0x20, 0x42, 0x40, 0x43, 0xbc, 0x12, 0x84,
        0x12, 0x88, 0x22, 0x88, 0xe2, 0xbe, 0x22, 0x88,
        0x24, 0x88, 0x24, 0x88, 0x29, 0xa8, 0x10, 0x10 } },  // 游
    { {0xe6, 0x88, 0x8f}, { 0x00, 0x20, 0x00, 0x28, 0x00, 0x24, 0x7e, 0x24,
        0x02, 0x20, 0x02, 0x3e, 0x25, 0xe0, 0x14, 0x24,
        0x08, 0x24, 0x08, 0x28, 0x14, 0x28, 0x12, 0x10,
        0x22, 0x32, 0x40, 0x4a, 0x00, 0x86, 0x01, 0x02 } },  // 戏
};

#define HAN_FONT_COUNT (sizeof(HAN_FONT) / sizeof(HanGlyph))
#endif
